Pafford, Nancey
Sage, Shermy
Fanshawe, Maryellen
Ambroz, Gracie
Drennan, Aili
Rudge, Em
Poff, Christophe
Domini, Tanhya
Drance, Wash
Sibbons, Miltie
Cammis, Diane-marie
Menloe, Merla
Capper, Donni
Faley, Egan
Golthorpp, Kaleb
Axton, Rutter
Staig, Burtie
Sarre, Cal
Guiel, Adella
Ilyuchyov, Sharlene
Bartell, Victoir
Tuff, Waverly
Woakes, Filip
Aitken, Herta
Snaddon, Giacobo
Ginity, Bancroft
Cockling, Fergus
Coulson, Athena
Tucknutt, Westbrook
McAlarney, Shaw
Ottery, Delbert
Stairs, Margalit
Dunseith, Corella
Pedder, Darnell
Dowers, Gregorio
Ouldcott, Janaya
Van't Hoff, Germayne
Life, Uriel
Menendez, Vincents
Coopland, Chelsie
Enterle, Karoline
Woodhams, Alano
Chiddy, Yale
Barford, Valentin
Wheble, Ramsay
Minifie, Nicolle
Brunelli, Booth
Trevithick, Willie
Charters, Sidnee
Moralas, Hillery
Kubera, Lavina
McGeffen, Dylan
Benedettini, Kienan
Kynson, Julietta
Fanshaw, Arther
Vian, Jolene
Ilieve, Dave
Bucknell, Lynett
Cavill, Rebecka
Iuorio, Elinor
Antoniewski, Kipp
Sulley, Tonye
Joubert, Mariele
Attard, Dylan
Iggo, Cristionna
Madden, Kristian
Boorman, Daniela
Swanton, Danice
Sprowson, Carleton
Banasik, Kelsey
Natte, Ber
Maskill, Myrah
Ickovici, Cassie
Borrell, Ruggiero
Fiske, Garv
Coche, Kikelia
Grishechkin, Cully
Bramley, Nomi
Pycock, Dalton
Wilkins, Maxie
Tanner, Gilligan
Nelhams, Ignacius
Tiler, Georges
Lappin, Filippa
Tack, Otis
Appleton, Violante
Abadam, Hadria
Curnok, Oliviero
Belamy, Elisha
Irvine, Alidia
Cottom, Beverly
Stittle, Elbertine
Clemenson, Aleda
Chestnut, Jamison
Larvent, Colin
Baudinelli, Waly
Slowey, Anna-diane
Scothern, Joan
Dows, Louise
Schermick, Ned
Simionescu, Starla
Bowker, Judie
Wolfit, Luther
Havick, Selestina
Dudmarsh, Reagen
Jennens, Kirsti
Zelley, Morgan
Siaspinski, Xavier
Trayes, Robers
Grinnell, Dukie
Rudsdell, Bertine
Toplin, Daile
Lewendon, Bertine
Strongitharm, Dare
Braund, Wiatt
Muldrew, Milt
Gut, Tony
Shevelin, Madalyn
Liddell, Elane
Crowley, Loraine
Dumbrill, Nancey
Keepin, Osbourn
Nutkin, Aurilia
Mintrim, Megen
Craydon, Malory
Crosgrove, Clemente
Eul, Cosette
Hickisson, Chas
Hablot, Carolann
Sanpere, Jojo
Tadman, Daisy
Noblett, Roanne
Cluely, Quinn
Urridge, Meyer
Chellingworth, Jewel
Hullins, Elga
Monan, Tobin
Lowis, Kalle
Alesi, Debbi
Dumbleton, Jaynell
Doppler, Lydon
Ruppeli, Noak
Ledram, Nady
Worsom, Rebecca
Levesque, Zilvia
Applegate, Alexandro
Brushneen, Deonne
Masi, Desiree
Briscoe, Cayla
Scotchforth, Sidonnie
Calles, Ken
Kettley, Kaylyn
Sappson, Malina
Hindmoor, Jill
Wassell, Lezley
Tufts, Issiah
Oret, Judie
Fauguel, Agathe
Wiggin, Juline
Magowan, Harrie
Goulston, Gradeigh
Brydie, Bobine
Scriver, Nadiya
Ganders, Ulrich
Adao, Jesus
Vennard, Farr
Christopher, Isabelita
Taks, Willamina
Sawtell, Emmy
Jupp, Quintina
Lerer, Marjorie
Jays, Shirlee
Blomfield, Isis
Delamar, Essy
Ashbe, Stoddard
Smellie, Concettina
Godspeede, Nyssa
Zylbermann, Grissel
Mattussevich, Veronique
Strother, Pepi
Prosh, Philip
Clarkin, Felita
Ould, Ilka
Styche, Siusan
Spinks, Rustin
Williamson, Andriana
Prestidge, Dur
Weatherhogg, Saree
Worsfold, Miltie
Sautter, Zacherie
Ludlem, Ilario
Quenby, Cicely
Batthew, Cesaro
Merrywether, Milt
Louden, Cathee
Stockings, Rodge
Castagneri, Haywood
Norsworthy, Adelaida
Devereu, Nicolais
Wearing, Glenine
Blackster, Granthem
Rilston, Cory
Alesbrook, Cullen
Pashba, Reine
Standon, Vaughn
Etter, Consuelo
Madelin, Gerrilee
Mohammad, Artus
Eckert, Sandra
Axell, Leroy
Gossling, Wood
Walrond, Wilton
Fynn, Jereme
Ovesen, Bess
Stealy, Whitney
Messier, Burnaby
Belmont, Ilsa
Burcombe, Hanson
Guly, Brook
Irlam, Robenia
Djokic, Scottie
Sallarie, Letisha
Flew, Starr
Dri, Kaitlin
Traves, Kellby
Pottiphar, Quinta
Addams, Augy
Crossman, Rouvin
Grigolon, Vita
Vanner, Michaelina
Porte, Hally
Bernardelli, Linnell
Drysdall, Barney
Joincey, Rose
Osinin, Sibel
Maudlin, Haydon
Boame, Stavros
Barfitt, Travers
Crowch, Yoko
Darracott, Alphonse
Brinkworth, Arlin
Cursey, Giselle
Cracker, Rockie
Volonte, Dorthy
Lucus, Noak
Nisard, Aldus
Voas, Blondell
Baunton, Sarette
Campo, Cyril
Ilyuchyov, Vivienne
Petkov, Bobina
Bazylets, Debi
Aubrey, Franky
Robion, Bobbi
Drane, Sondra
Goodale, Georgia
Quarterman, Tera
Ordish, Susanetta
Pettus, Arney
Lyddy, Lolita
McVitty, Daphne
Bartolomeo, Alard
Roisen, Tye
Bourdon, Lindsy
Sharples, Steffi
Agott, Skipton
Ryott, Chelsey
Pollicott, Nealson
Connolly, Muire
Coucha, Georges
Schneidar, Erinna
Kitter, Jonathan
Delves, Koralle
Bladon, Hana
Beavors, Margalit
Skyram, Beitris
Guyan, Dew
Boyet, Angus
Lidgertwood, Care
Pont, Regan
Boyett, Davin
Whitby, Rosy
Older, Mozelle
Mattiessen, Ulrich
Mucklo, Chic
Gringley, Corny
Scotchforth, Robbi
Banes, Boony
Currie, Kirsti
Beere, Alayne
Meriton, Torin
Dew, Sherilyn
Melwall, Dorella
Croot, Meris
Powe, Theresa
Nelles, Ivonne
Haruard, Karna
Yushkov, Avictor
Lyard, Roth
O' Mulderrig, Muriel
Atteridge, Tallie
Shedden, Corbett
Wills, Maurice
Hearnah, Eulalie
Lahive, Delbert
Winham, Rania
Boucher, Moss
Trussman, Yorker
Simmonite, Meredith
Mollison, Nicholas
Pennino, Moe
Loody, Tadio
Cawston, Hannah
Sweeting, Daveen
Angliss, Stanwood
Tarbin, Darbie
D'Orsay, Cedric
Farenden, Blake
Stirrip, Pearce
Misselbrook, Mil
Chable, Christoph
Gladbeck, Terri
Newborn, Lem
Pollicott, Andrea
Elcomb, Connor
McMurty, Agnes
Jimpson, Marj
Rodgman, Carter
Bonnavant, Kelley
Hunt, Denise
Sarsfield, Raviv
Kennard, Merrilee
Lisamore, Arabelle
Thornthwaite, Priscilla
Midghall, Thomasina
Benstead, Adham
Antushev, Ailey
Georges, Rudolph
Vaskin, Florenza
Warden, Dru
Castellan, Link
Scaplehorn, Marietta
Ridgers, Ashlie
Metzing, Cassondra
Jakoub, Dilan
Serrurier, Mohammed
Kynson, Gualterio
Backshell, Cammie
Laroze, Andria
Biasotti, Winna
Scoles, Amity
Santus, Falkner
Bonnesen, Eleanore
Bes, Sammie
Jeskins, Bobbee
Renol, Janot
Gilliat, Guillermo
Marzellano, Bradney
Fridaye, Eden
Laidlaw, Jasmine
Whenman, Darnell
Lanyon, Deeanne
Fyldes, Janey
Okill, Kaiser
Brudenell, Duke
DelaField, Mozelle
Cartmale, Mickie
Madelin, Davidson
Porker, Sarene
Goodbar, Hamnet
Kennally, Erna
Skaife, Aldwin
Kilpatrick, Whitaker
Nicholes, Massimo
Deetlefs, Ravi
Harnett, Madonna
Scorton, Verene
Lambert, Norby
Jeschner, Riva
Tofanini, Hazel
Condit, Sauveur
Gwatkin, Faythe
Zambon, Lulita
Lavrick, Dorri
Vakhrushin, Aggy
Cordall, Sara-ann
Murdoch, Veda
Brigstock, Anitra
Reay, Deeanne
Lantaph, Jarib
Jaskiewicz, Vittoria
Jeacop, Kristopher
Tomicki, Roseline
Christal, Bobby
Ullyott, Chrissy
Peasegood, Laney
Bruneau, Ezra
Kalinowsky, Aylmer
Riggeard, Tabitha
Fibbings, Cullen
Switzer, Noell
Cordet, Derrik
Bothen, Maire
Yakuntsov, Wendie
Morby, Lonee
Cranham, Candie
Flobert, Steve
Tweedle, Babara
Wemm, Tabbatha
Lohmeyer, Nert
Plumbridge, Peter
Sprague, Griselda
Bamfield, Simona
Eagling, Bailie
McIvor, Evaleen
Foulks, Ruperta
Mansell, Ev
Reeders, Sydelle
Mussen, Gwendolin
Seeney, Dolley
Grumble, Michale
Hewell, Tamma
Saice, Dorothee
Paramore, Melisse
Lambal, Enid
Tipling, Veriee
Baynes, Izak
Mayou, Juditha
Minichi, Noah
Purvis, Chiquita
Ketley, Selma
O'Scannill, Lindi
Paik, Carlin
Spavins, Anett
Arlt, Gunner
Bamell, Ricky
McIlwraith, Zoe
Tamblingson, Worden
Marquez, Sandye
Gouinlock, Idell
Noury, Jarrod
Gartell, Gibby
Stebbings, Vladimir
Clilverd, Pammie
Brobak, Roland
Camoys, Meriel
Chalcraft, Richard
Ishak, Salome
Handforth, Rudiger
Brisley, Sal
Summerlad, Thibaud
Gallyhaock, Clemente
Stitson, Finlay
Polden, Cristine
Langman, Regen
Lacase, Elijah
Stellman, Hesther
Frapwell, Archy
Boriston, Humberto
Reilingen, Rowe
Scarrott, Daisy
Nana, Shepherd
Roll, Patton
Undrell, Patty
Shovelton, Lisha
Padillo, Heath
Lamcken, Ursala
Eckery, Tabina
Tallquist, Donn
Jerwood, Nertie
Felten, Deloria
Stanning, Valera
Durno, Benoit
Aimson, Aurea
Dallin, Judith
Darwin, Mollie
Goley, Carlo
Boynes, Bartlet
Pinkett, Yevette
Cosker, Vickie
Shoreson, Monica
Mosby, Riki
Stit, Huntington
Riddoch, Ketty
Kubasiewicz, Marcos
Alenin, Estella
Lammertz, Riordan
Hewins, Merrie
Petricek, Dion
Benneyworth, Leupold
Sola, Romonda
Farmer, Frank
Robun, Boonie
Marquand, Carleen
Fearnley, Marnie
Rilings, Kassandra
Taynton, Tomasine
Tome, Latashia
Rainville, Alexi
Wealthall, Bride
Gratten, Oren
Gillcrist, Joete
Coping, Della
Challenger, Raymond
Hutfield, Alyosha
Maruska, Halie
Parchment, Aliza
Pley, Ianthe
Patullo, Calli
Edgson, Rivalee
Pristnor, Flss
Logue, Pierrette
Maling, Archibold
Gullefant, Gloriane
Dzenisenka, Rhonda
Blasiak, Jilly
Cleminshaw, Jonie
Duhig, Sharon
Toping, Artur
Eastope, Sianna
Stern, Taddeo
Dorsey, Sara
Petigrew, Catharine
Dibdale, Herbie
Adlam, Annabela
Boorer, Alister
Farguhar, Derry
Berthomier, Wesley
Angear, Blondelle
MacAllester, Petunia
Habberjam, Alexa
Dominguez, Carlin
Buddock, Lynelle
Yates, Kari
Samworth, Kat
Bessett, Smitty
Gadesby, Alli
Fanti, Ferdinand
Bramont, Ealasaid
Mersey, Herrick
Mungham, Everett
Balwin, Gay
Blything, Pepita
Dumbar, Pearle
Wilton, Rona
Churches, Robert
Vallantine, Fergus
Hercules, Darnall
Bloxsome, Peggy
Dalliston, Berny
Gonnely, Welby
Durston, Casar
Hellmer, Hakeem
Anthes, Karola
Eslinger, Caria
Cousans, Valentina
Fockes, Jerald
Defrain, Abbie
Lehr, Meaghan
Swinn, Bill
Pulley, Fionnula
Mottinelli, Starla
Andreacci, Genovera
Braybrookes, Karry
Hengoed, Giffer
Linne, Amandy
Knowller, Grier
Hansman, Kimmy
Shimon, Gladys
Tolputt, Thomasin
Hawtin, Alana
Height, Harwell
Renad, Herc
Keen, Wanda
McCleary, Gabie
Woolis, Blinny
Noonan, Ellette
Brickdale, Marlena
Silby, Elvyn
Phillcox, Lynnell
Roussell, Con
Trime, Bettine
Wavish, Trudey
Bernade, Jeno
Eltune, Ricard
Veltmann, Erminia
Arkcoll, Sandi
Collabine, Maggi
Dominico, Cyndie
Pullar, Nappie
Rainer, Octavius
Gallihaulk, Bernice
Bushel, Annamarie
Crock, William
Trahmel, Ange
Covotti, Lauren
Douthwaite, Ring
Rentalll, Delly
Ronaghan, Karrie
Brunetti, Laurence
Thomason, Yalonda
Algore, Star
Dhennin, Amaleta
Beere, Karia
Marages, Jenni
Phaup, Eduard
Sondon, Kirby
Athelstan, Hunter
Loosley, Evangeline
Bampkin, Ban
Fanshaw, Hilary
Smithin, Reade
Chewter, Clemmy
Clowton, Aloysius
Copin, Gabbie
Marchenko, Vitia
Olver, Frasco
Bruckshaw, Egon
Padefield, Aigneis
Thalmann, Yvon
Ferencowicz, Juan
Rameau, Brett
Duetschens, Reinaldos
Markham, Beltran
Loveguard, Gerardo
Allicock, Laina
Samme, Hakeem
Blofield, Putnem
Simmings, Pammy
Baysting, Sheelah
Laughrey, Moore
Coyish, Fae
Thurston, Jarrod
Haile, Raphael
Spiteri, Dennis
Pretsel, Ines
Maloney, Magdalen
Rubinshtein, Ailyn
Crim, Cal
Bubb, Andris
Arthars, Averil
Benedito, Almeria
Udale, Ody
Foxen, Aloin
Fallowes, Georgena
Enderby, Vonny
Keates, Ephraim
Watters, Hirsch
Smidmore, Estel
Scoates, Glyn
Cashford, Ashly
Oldershaw, Lacy
Kittles, Kristan
Arondel, Delia
Whiteway, Jodee
Dayes, Persis
Reford, Rasla
Bolte, Itch
Bedingfield, Veradis
Ausello, Abbie
O'Collopy, Hammad
Fenna, Shelly
Fairley, Morry
Crone, Darill
Deighan, Julita
Siaspinski, Jethro
Fishly, Vally
Hamsher, Sharyl
MacCarrick, Valle
Birts, Whitney
Sturney, Terrance
MacNair, Jens
Euplate, Patricia
Laughrey, Nance
Stienton, Gerianna
Vowell, Binny
Zuann, Sauncho
Lowery, Malena
Abrahim, Carmencita
Waterhous, Kelbee
Sappy, Verne
Human, Cate
Cicculi, Benji
Permain, Walker
Najera, Verene
Davage, Henry
Hymor, Allie
Scoggin, Freemon
Liepins, Helge
Seater, Marjory
Ghiroldi, Seward
Vautier, Lucius
Pavett, Annetta
Lethlay, Patrick
Newbery, Goldie
Mottini, Dorice
Rengger, Ruthy
Longmead, Jenna
Eriksson, Viola
Witts, Gipsy
Fernyhough, Shellie
Bebb, Antone
Cinelli, Tabbatha
Milbourne, Damian
Beadell, Barbara
Goldup, Elias
David, Deanna
Lean, Oswald
Bielfeld, Shepherd
Garber, Hatty
Giamitti, Linet
MacWilliam, Cam
McGarahan, Nial
Soppitt, Ingaberg
Glanville, Petronilla
Tytherton, Frants
Prestedge, Yetty
Anthona, Cam
O'Bradane, Edithe
MacTrustam, Karoly
Rubert, Skelly
Yven, Olivia
Wenman, Colman
Danielot, Powell
Woollhead, Che
Kubicki, Keene
Mudge, Fanya
Stollsteimer, Loni
McRae, Reinaldo
Batham, Ninetta
Rubanenko, Tully
Reeve, Jourdain
Kenningley, Josefina
Cicerone, Darci
Swinney, Nevins
Camies, Hashim
Brosio, Hinda
Manifould, Milton
Cousens, Grata
Blooman, Tracee
Large, Camille
Giovannoni, Renado
Cairney, Basilius
Salle, Quintus
Danielis, Janene
McAreavey, Gaye
Seagrove, Dame
Simeone, Sarajane
Grinval, Aylmar
McGillivrie, Godwin
Kobieriecki, Hewe
Cursey, Russell
Duncklee, Clarabelle
McNee, Archie
Lynnitt, Mace
Rayson, Flossi
Doniso, Westbrooke
Dorrins, Xever
Jiracek, Ester
Everex, Valentijn
Hoggan, Kenna
Carbry, Roxie
Golden, Buiron
Everly, Ritchie
Gelardi, Hanna
Agett, Emlyn
Habbershon, Isidore
Faherty, Gipsy
Beaglehole, Lou
Cudd, Glennis
Danielsson, Georgeanna
Serraillier, Izaak
Ganter, Alida
Blesdill, Katine
Peterkin, Magdalene
Cuxson, Darline
De Brett, Karole
Bidgood, Owen
Ackwood, Libbi
Aitkin, Melany
Parkyns, Kali
Wolverson, Rustin
Ferrand, Lane
Measor, Nissa
Frichley, Shep
Pohls, Jefferey
Conlon, Linda
Vaillant, Mindy
Latliff, Gregoire
Kerwick, Julianna
Gibb, Tyrus
Stuehmeyer, Berthe
Hancke, Bailie
Sleight, Skye
Rosbottom, Rici
Greenhill, Bonny
Loudwell, Antonetta
Lingley, Karine
Gledstane, Kristian
Douglas, Harley
Manshaw, Charmane
Perrott, Brucie
Bleier, Whitman
Ledram, Debbie
Hairsine, Rosaleen
Morriss, Nicola
Pozer, Patti
Lodder, Fey
Caze, Aveline
Cartmale, Taber
Ilyinski, Lucian
Bolmann, Eldin
Cristofalo, Marjie
Buse, Debbie
Doulton, Benito
Feavearyear, Sabine
Boyle, Ariel
Dengel, Marlene
Ghion, Biron
Full, Jeffie
Aveline, Giffie
Kingshott, Linoel
Maidens, Lindsey
Driffill, Linnea
McKniely, Loni
Godrich, Mollee
Kyston, Victoir
McPheat, Crosby
Heppenspall, Cybill
Maltster, Arni
Zorer, Abigail
Inglesant, Gregory
Cammoile, Koren
Duggen, Margret
McGrah, Seth
Cawdery, Godfree
Matuszkiewicz, Haley
Simonelli, Vanny
Skewis, Denni
Dawkes, Nonie
Korneev, Barclay
Fredson, Betteann
Brisset, Jourdan
Lyptrit, Bordie
Spenceley, Lotti
Busse, Edsel
Melross, Raoul
Spottswood, Ninon
Eunson, Elsi
Cufflin, Holmes
Johann, Gloriane
Pruvost, Talbot
Meachan, Rebeka
Duffett, Brady
Scruton, Eddie
Kilgallen, Lance
Hiscocks, Corry
McTurlough, Shaylyn
Beeching, Gerry
Kinver, Ad
Mityashin, Blondell
Redman, Antonie
Lilion, Odell
Fantini, Lannie
Millin, Abbie
Monaghan, Lou
Cotgrave, Kelley
Dunster, Ronica
Elsmore, Salvidor
Tuffey, Birdie
Daouze, Hatty
McGinnis, William
Blazejewski, Cordy
Vasilchikov, Gregoire
Clawe, Beatriz
Holley, Rachel
Lockhurst, Loren
Fontenot, Wallis
Nugent, Ezri
Kirsche, Ronica
Wheelan, Marleen
De Blase, Gabi
Powderham, Darnall
Hambelton, Tallie
Torel, Rollin
Ney, Hans
Ryhorovich, Phaidra
Durbin, Amii
Stiles, Joellyn
Nias, Derick
Barbery, Evangelia
Maestrini, Sibylle
Batterton, Brittney
Yeatman, Noell
Trimme, Mae
Hulatt, Titos
Albury, Tomaso
Francesco, Sander
Nangle, Ellery
Wallice, Laurice
Eckels, Simeon
Wakeling, Issy
D'Alessandro, Launce
Jearum, Giustino
Tivolier, Putnam
Asbury, Niccolo
Croxon, Karyn
Roly, Val
Siddle, Kayne
Palser, Bibby
Hrihorovich, Bear
Axelby, Frances
Rasmus, Cora
Baldick, Merell
Hardingham, Janek
McQuode, Zollie
Kell, Wyatt
Gontier, Shelbi
Jendrusch, Judd
Mayze, Meggi
Lambden, Whitney
Uvedale, Wendy
Mateescu, Kendall
Jaggers, Kip
Paolozzi, Katrinka
Goodere, Galven
Etridge, Danila
Neicho, Kata
McMurthy, Trixie
Lonergan, Victor
Tipperton, Maximo
Dutnall, Thorstein
Dewett, Vinson
Blamire, Lesley
Grimshaw, Keriann
Meredith, Lynda
Fairnington, Ethelred
Drake, Vicki
Spellesy, Tracee
Blasoni, Pen
Pitbladdo, Deonne
Carlon, Mariam
Glayzer, Benedikta
Lassell, Kristoforo
Orgen, Julio
Fedorchenko, Katuscha
Gadman, Cirstoforo
Vesque, Merle
Bloss, Larisa
Dollar, Phyllys
Rizzelli, Cliff
Ferro, Neddie
FitzAlan, Jacques
Burdett, Cody
Michurin, Kyle
Lukes, Deeanne
Mattek, Hilary
Tee, Padriac
Hugonet, Meredith
Alliker, Wayland
Cranny, Jarad
Skynner, Lanna
Beeck, Red
Tynewell, Shurlocke
Chung, Yvonne
Yexley, Grete
Roma, Stella
Keuning, Nathan
Peal, Ida
Feaks, Ikey
Duff, Hagan
McQuarter, Jacinthe
Shafe, Verna
Gremain, Ysabel
Nanni, Eugenius
Prevett, Delores
Pittle, Celestine
Cicchillo, Essie
O'Shavlan, Abbe
McCuthais, Sashenka
Laverty, Saleem
Orriss, Stefano
Genders, Shermie
Burberow, Kettie
Bridal, Annabell
Halloway, Ami
Barwack, Hussein
Kingcott, Leighton
Mora, Langsdon
Squibe, Austina
Kelle, Phil
Fincham, Joscelin
Stoller, Colby
Kiezler, Bellina
Cund, Alica
Vannuccinii, Gawain
Paris, Trey
Wickendon, Sharleen
Roll, Bettina
D'Agostini, Kenneth
Hapke, Gypsy
Tredgold, Jesse
Rannells, Lane
Gwilym, Bertie
Ramsbottom, Christan
Windley, Cornie
Ready, Robinson
Elkington, Lind
Benyon, Shannen
Jouaneton, Laurel
Dibb, Lind
Richen, Rachael
Licari, Barret
Ellgood, Kitti
Snaddin, Craig
McDougal, Calhoun
Blenkhorn, Arly
Beurich, Lory
Deem, Brok
Gotliffe, Madelle
Proudlock, Jamima
Pilkinton, Bartholomeus
Milverton, Nerta
Hiscoke, Bidget
Simcoe, Lacy
Southan, Kellyann
Cassimer, Nichol
Bowland, Esmeralda
Butteris, Dilan
Ivanuschka, Wilma
Lemerie, Doe
Alam, Cherilynn
Helsby, Perren
Soigoux, Isaiah
Grayne, Osborn
Sausman, Julina
Hambright, Mycah
Tefft, Trueman
Lomasny, Dunn
Clowney, Stevena
Gammon, Tiff
Martel, Georgianne
Gibbons, Winne
Baldacco, Florian
Poynzer, Bessy
Scardifeild, Darlleen
Jehan, Arnie
Brunicke, Ross
Goeff, Jolee
Reinmar, Casper
Konert, Carmelita
Curnock, Rona
Hannis, Hynda
Surcombe, Stuart
Lingwood, Sibilla
Warr, Burr
Vedenyakin, Monti
Fetterplace, Verile
Grainge, Clementia
Uwins, Anne
Gamlyn, Beverlie
Colliard, Stinky
Dunbabin, Caleb
Lapthorne, Bernice
Shackleton, Hetti
Lefridge, Christel
Rydings, Alisha
Williment, Electra
Goggins, Basilio
Bramelt, Jaimie
Drillingcourt, Korey
Retter, Hatti
Orrobin, Lulita
McFadyen, Hiram
Godon, Calley
Coldtart, Lynna
Ondra, Kate
De Souza, Querida
Sabbin, Isabel
Geraud, Hadley
Power, Fran
Emmins, Yoshi
Vasilevich, Gillian
Kenyam, Emlynne
Dussy, Freddie
Hupe, Edin
Moorerud, Godfrey
Pellett, Maddie
MacGeffen, Jacquenetta
Melby, Glenine
Lamball, Ric
Hutchence, Fae
Topliss, Lenka
Kaines, Ward
Wipfler, Val
Cristofvao, Josh
Pealing, Danyelle
Wannell, Octavius
Cobbald, Hirsch
Dace, Bess
Parsell, Miltie
Hafner, Tallie
Kavanagh, Luce
Perritt, Lazaro
Glasser, Annamarie
Bernon, Ebeneser
Upham, Sigmund
Heitz, Ruben
Easseby, Johnnie
Leyborne, Yolane
Gyorgy, April
Muirden, Mel
Raunds, Gauthier
Fortey, Juline
Belison, Sib
Antosik, Dahlia
Clack, Harp
Beeswing, Ervin
Rocco, Erick
Sheircliffe, Aubree
Bratchell, Constantia
Jeffcoat, Sheilah
Mityashin, Daphene
Jobbings, Arnaldo
Aingel, John
Reddle, Gabi
Twine, Duky
Di Bartolommeo, Flemming
Lias, Melosa
Foston, Cary
Becom, Bar
Collingwood, Lorelle
Deamer, Kiley
Pudney, Delaney
Degoy, Lise
Riediger, Darda
Wharby, Barton
Eakeley, Koral
Dyke, Camey
O'Monahan, Mamie
Camies, Chloette
Stedman, Fairfax
Stainton - Skinn, Tanney
Meader, Vanna
Vanichev, Gaylene
Durie, Cobb
Gawthrop, Stan
Marfield, Claudian
Beri, Gale
Belleny, Fannie
Champley, Archibaldo
Poser, Ricard
Emer, Bernadine
Garrit, Northrop
Riche, Dasie
Waltho, Stephan
Mount, Haily
Bierman, Esta
Du Pre, Dougy
Darinton, Frazier
Bowmer, Rycca
Biggadike, Thaddeus
Shovell, Verney
Richie, Trula
Dog, Dael
Feasley, Sheena
MacKain, Cecil
Szubert, Giavani
Britnell, Gerome
Ciabatteri, Lucila
Elegood, Daven
Eliez, Barnabe
Lightbowne, Dulcia
Shaylor, Cassi
Bann, Myles
Staniforth, Frederico
Firmage, Charlotta
Pawlick, Lanna
Fawcett, Oby
Corday, Davine
Semor, Zenia
Gusney, Brandie
Seignior, Axel
Keddy, Aloysia
De Gregario, Liz
Cheake, Obadiah
Warrell, Alon
Domenc, Merridie
Callander, Zulema
McCague, Garret
Anney, Baron
MacMarcuis, Zolly
Tarr, Dannye
Adenet, Archy
Methingam, Vasilis
Hallan, Horacio
Goodluck, Garner
Chatters, Kliment
Jago, Timofei
Grealish, Darill
Jorczyk, Vidovik
Blezard, Amerigo
Gaynes, Buddy
Rhodus, Janel
Klehn, Rivy
Seage, Darleen
Lindman, Romeo
Bolle, Elfrieda
Blanche, Grover
Sodeau, Clerc
Colbourne, Margareta
Malyon, Barnie
Norman, Paige
Fidgett, Cristionna
Whetton, Bill
Elsie, Millie
Mence, Derby
Poad, Diego
Basire, Jessica
Piercy, Carrissa
Caller, Sonya
Blinder, Karla
Chesterfield, Vicky
Teacy, Deny
Dawton, Jamaal
Jilkes, Nerte
Doy, Cordell
Brechin, Martino
Ibert, Dulci
Kwietak, Anna-maria
Bootherstone, Pacorro
Meek, Gothart
Horsburgh, Dorthy
Mollitt, Dallon
Duhig, Krissy
Mimmack, Brent
St. Louis, Loralyn
Hewkin, Ula
O' Clovan, Constantin
Cockcroft, Joelynn
Huddle, Shelden
Masseo, Arlee
Giacovazzo, Sheelagh
Swalwell, Chaddy
Hadwin, Gabbie
Petersen, Reynold
Willoughley, Xylia
Kuhne, Thibaud
De Souza, Rory
Vannuchi, Garrott
Pullan, Donelle
Ockwell, Ardenia
Whitington, Jacquelin
Dicker, Jessi
Yanyushkin, Brian
McKeating, Clare
Killelay, Rodney
Jaquet, Addy
Frankis, Pascal
Stolze, Kirby
Feldharker, Godfry
Wannan, Sherman
Marlin, Thurston
Nevitt, Marchall
Lyddiatt, Ruby
Twidle, Dianna
Fulun, Phyllida
Hadaway, Robinson
Challiss, Midge
Eadmeades, Mignon
Quantrell, Virgie
Lars, Meredithe
Dwelling, Ros
Roaf, Auguste
Tipling, Corene
Pechell, Blaire
Lidgerton, Tabina
Lawleff, Malynda
Jerosch, Inigo
Rossant, Willette
Yurkevich, Jefferey
Tibald, Antone
Sherwen, Issy
Konert, Archy
Prendeguest, Jacquetta
Elphee, Alidia
Mack, Auberta
Kaysor, Maximilien
Toffel, Opal
Wrought, Miquela
Zellner, John
Fessier, Etan
Accum, Phil
Annear, Joceline
Troubridge, Olivie
Trowler, Jae
Brundall, Harvey
Kington, Cass
Errey, Agosto
Fairall, Addie
Mycroft, Camille
Healy, Brandie
Dovidian, Thelma
Shrieve, Jaquith
Linguard, Noland
Donaho, Merv
Pelos, Winthrop
Lideard, Hastie
Pues, Jocelyn
Branwhite, Lorens
Ockendon, Ladonna
Noble, Catha
Dillestone, Lucien
Nutt, Helga
Lawtey, Dalt
Silverston, Andonis
Bigglestone, Abraham
Galego, Alison
Sywell, Kania
Orrett, Pascal
Rodrigues, Meggi
Brunning, Elliott
Brodnecke, Flinn
Coultar, Gregorius
Lower, Torey
Northley, Deanne
Kender, Antonie
Fenelon, Orsa
Demangeot, Benson
Lindner, Norina
Harlin, Ricki
Standley, Petra
Butrimovich, Odelinda
Challoner, Lorrin
Symmons, Madlin
Bidnall, Tomlin
Fenty, Rayshell
Jeste, Ann
Tyre, Reginald
Tree, Gwenette
Gun, Kalvin
Khilkov, Cybil
Jackling, Cary
Trevillion, Brewer
Charlton, Rosamond
Sturrock, Trixy
Shelbourne, Valli
MacGahey, Lexis
Wainer, Rolf
Borwick, Jannel
Langhor, Adrian
Oty, Bordie
Ricciardiello, Kellie
Bubear, Delano
Barlace, Mauricio
Harcombe, Yard
Everleigh, Pavla
Jaquemar, Meyer
Kamena, Mariya
Physick, Weidar
Shellum, Mari
Bickerdike, Dennison
Chafer, Thorstein
Grassi, Darryl
Josefs, Cesya
Karczinski, Elsa
Farryn, Brendin
Bleazard, Lars
Swaden, Gasper
Cavan, Xena
Coucher, Leena
Keenan, Lorene
Harrowell, Lolly
Darbon, Ferrel
Bennetts, Karrie
Fildes, Ulrike
Loudiane, Jonah
Dei, Dulcia
Perch, Elenore
Stoacley, Lorettalorna
Wales, Neille
Stickler, Velma
Blakely, Lazarus
Gallop, Thaxter
Pavis, Loise
McTrustrie, Trenton
Piatto, Alister
Corderoy, Esme
Ransom, Ralf
Macari, Nefen
Bachnic, Frankie
Dacey, Derril
De Freyne, Delbert
Dongles, Desmond
Dey, Lydia
Serrell, Leta
Knoller, Adolpho
Degue, Cammy
Kmieciak, Tyrone
Gonin, Zarah
Leyshon, Armstrong
Whettleton, Antonino
Baumert, Basile
Summerlee, Tibold
Iacomettii, Holt
Moulder, Cam
Eidler, Rayshell
Johansson, Tailor
Rutherford, Clayson
Prangley, Lida
Meriton, Zita
Rodge, Garfield
Slimings, Fifi
Toten, Claybourne
Dohmann, Opal
Dumbreck, Siffre
Matus, Fayre
Kitley, Herschel
Clutton, Florencia
Kyte, Odele
Boggon, Reinwald
Atcheson, Conroy
Fursland, Mufinella
Lucy, Jeffie
Philliskirk, Valerye
Lawther, Tann
Peplow, Abraham
Scamerdine, Burr
Benneton, Flory
Dehn, Allison
Culbard, Clerkclaude
Croydon, Bobbie
Tadman, Bald
Garlett, Tonie
Ickovicz, Wakefield
Clogg, Kirbee
De Beauchemp, Stefan
MacGauhy, Connie
Billows, Gretna
Hamshar, Brice
Gadd, Dasya
Wanstall, Jorge
Potzold, Dennie
Bendixen, Salvador
Coburn, Martguerita
Geroldi, Matthaeus
Stanborough, Pen
Halsworth, Sonya
Landis, Pollyanna
Chappelow, Kiri
Kenningham, Claudetta
Rose, Ignatius
Kington, Faustina
Dormer, Trueman
Anyon, Camey
Gebbe, Janey
Spedding, Alla
Lakin, Kale
Christopher, Dee dee
Hearfield, Corrianne
Pinock, Astrix
Enticott, Belita
Haighton, Stesha
Ghidoli, Dorri
Sedcole, Abel
McSparran, Elianora
Sabathier, Bella
Baldam, Esther
Kalkofer, Francesco
Arnaudin, Cherie
Sunter, Isac
Batch, Tandie
Dykins, Lukas
Ojeda, Kaitlynn
Chadbourn, Timoteo
Laxson, Hamel
Mallows, Alon
O'Teague, Rafa
Ruilton, Floris
Bellew, Augusto
Neller, Thain
Gonneau, Keriann
Ondrasek, Gus
De Bruijne, Kristoforo
Farndell, Sayre
Stockford, Lauritz
Hatz, Josephine
Swales, Brit
Sixsmith, Marena
Raphael, Etta
Khalid, Cecile
Dinsdale, Catlin
Kilbey, Katuscha
Domenico, Sarette
Kubczak, Rosemary
Leindecker, Skyler
McIlriach, Barbara
Mangam, Jdavie
Goatcher, Dareen
Lawden, Vernen
Dudeney, Melisande
Emblen, Darbie
Hollows, Nolan
Geggie, Perren
Strongitharm, Hedwiga
Charon, Briggs
Wolford, Jillian
Wagenen, Aveline
Coughlan, Fannie
Farens, Nikos
Dael, Whitney
Jados, Lew
Paulo, Bowie
Moorman, Batholomew
Sainz, Brook
Hansemann, Giffer
Goodin, Nonna
Serotsky, Humberto
Yerrington, Claus
Millichap, Christophorus
Giddens, Lombard
Barter, Reinaldo
Tassel, Jackie
Byres, Carin
Neame, Edie
Laverock, Ban
Kinnin, Waylen
Bolin, Agatha
Iacabucci, Godfree
Raftery, Corie
Cockshott, Belva
Deathridge, Emilio
Jerdein, Nancee
Mourgue, Raphaela
Morhall, Kelci
Hoppner, Monika
Farndon, Vilma
Cowell, Francesca
Vasilov, Jaquith
Percifull, Marlow
Conn, Skell
Tuley, Allin
Fitkin, Hattie
Sibbs, Des
Mitchiner, Trula
Durek, Elyssa
Benzing, Nevins
Ramel, Burlie
Leport, Nicky
Riall, Wendel
O'Caine, Raymund
Guttridge, Vivyanne
Orht, Genny
Joder, Grazia
Gowdy, Phyllida
Emtage, Nate
Bertlin, Jeramey
Jurkowski, Amitie
Owtram, Alphonso
Redrup, Byrle
Kinnerley, Gwenora
Giannazzi, Rosa
Giron, Deeanne
Seville, Saundra
Moulden, Serene
Mahody, Gui
Vail, Feliks
Garrity, Loy
Akred, Haroun
Wiburn, Clemente
Bellingham, Early
Wash, Kimmi
Smeall, Peri
Waddington, Heriberto
Frankis, Garvin
Watford, Inge
Champneys, Jordon
Kighly, Brandyn
Riccardini, Christian
Willimott, Leicester
Kienzle, Alfonso
Liles, Paul
Rosettini, Zacherie
Pipe, Kent
Buchanan, Courtney
Spellard, Iona
Frascone, Westleigh
Bottoner, Kirsten
Mibourne, Bone
Canizares, Gun
Sisland, Jessamine
Swyre, Kylie
Shipman, Vinny
Cane, Byron
Egdale, Franny
Hosby, Emelen
Cutteridge, Sauveur
Iban, Gale
Barnaclough, Tades
Judson, Phillipe
Sarginson, Shanie
Osmon, Lorens
Casse, Nico
Flahive, Kurt
Lugard, Goraud
Kynston, Ahmed
Donner, Della
Coppeard, Bayard
Simonini, Jeniffer
Whyffen, Rania
Agent, Caz
Cassell, Brook
Hamnett, Rica
Blackden, Miguela
Huyhton, Tildy
Raun, Carmina
Twomey, Issiah
Holmyard, Florry
Melody, Christen
Cristol, Anders
Auty, Reggis
Danielsohn, Karia
Davitti, Web
Cresser, Lari
Rous, Sioux
Skilbeck, Matthaeus
Garretts, Halimeda
Cowherd, Anabel
Qusklay, Alla
Ebbrell, Anneliese
Vasyukov, Dora
Maile, Loria
Brazear, Pavla
Janoschek, Oralie
Herley, Rock
Servis, Alison
Siley, Maud
Biddlecombe, Reagen
Tarbett, Isidro
Clows, Beck
Chamberlayne, Anthea
Berrick, Rickert
Lamartine, Laryssa
Andreas, Kare
Tilbury, Valaree
Lodden, Noam
Yelden, Chloette
Gurg, Olly
Rohloff, Myrtice
Dochon, Dena
Shard, Esme
Offa, Kassandra
Govan, Bianka
Krochmann, Beverie
Grigorey, Rozanne
Vedntyev, Jessy
Boagey, Tori
Kennington, Gerti
Tingly, Melodee
Probat, Laney
Tocque, Ferdie
Ullrich, Chaddy
Mathiassen, Lilyan
Maxfield, Amie
Gulvin, Desiree
Farndale, Davey
Fiddian, Fancy
Revill, Lexine
Laingmaid, Gardie
Kures, Oriana
Adriaens, Hedvig
McParland, Bobbie
Winson, Hollie
Bantham, Lotte
Fernie, Melisse
Sharplin, Ransom
Troucher, Philly
Skough, Hymie
Ambrogi, Orson
McHarry, Dede
Cremen, Charlton
Draycott, Ced
Togher, Elston
Noble, Corbet
Bannister, Rowe
Malletratt, Gaylor
Kasparski, Greg
Bustard, Maridel
Paulus, Paulie
Weakley, Kori
Cobbald, Fredi
Kitchingham, Averyl
D'Ambrosio, Haley
Crawford, Mable
Beckett, Ferrell
Wanka, Yorgo
Jobke, Lucien
Gullane, Ange
Kenworthy, Luella
Lawlings, Dedie
Churchard, Philip
Hansie, Alyse
Currm, Gregorius
Foster, Brig
Wadsworth, Shoshana
Fairchild, Cicily
Wishkar, Wally
Glandfield, Sigmund
Jouhandeau, Ole
Baroc, Thurstan
Houliston, Lotte
Midford, Quentin
Glide, Peirce
Talkington, Leanor
Langlois, Julita
Mayer, Emalee
Gallifont, Barrie
Hallward, Else
Skate, Dorothea
Mullany, Lance
Paszek, Shaylynn
Raraty, Adolphus
Fishpool, Chevalier
Stillman, Carey
Killick, Shelton
Trays, Kirsten
Menego, Wilow
Skakunas, Benoite
Rowlson, Thea
Lovejoy, Foss
Rallin, Cristi
Ginnety, Maribeth
Cometti, Ber
Birden, Winnah
Yelland, Eba
Cuniam, Heddie
Ive, Torrin
Cockhill, Lanita
Jumeau, Mady
Francis, Foss
Scouler, Husain
Norfolk, Coleen
Hastie, Laurianne
Craze, Antons
Steggles, Victor
Presser, Jay
Greed, Fonsie
Pilcher, Cathy
Warin, Boony
Wehner, Evangelin
Preddle, Dayle
Recke, Vonnie
Lothlorien, Symon
Barbey, Leigh
Hazeldean, Cody
Mitrikhin, Adelaide
Fayne, Kayle
Yerrall, Lanie
Flatt, Tudor
Mummery, Kermit
Haitlie, Darb
Bigadike, Kelila
Lehr, Elinor
Trawin, Eulalie
Osmund, Robbie
Cudworth, Joan
Domange, Merralee
Clewlowe, Betteanne
Braban, Katinka
Carlett, Vania
O'Kelly, Jeth
Mabbitt, Terrell
Gordon-Giles, Nickolas
Downton, Flori
Banville, Aguste
Dekeyser, Byrann
Hurdiss, Manfred
Gammons, Susann
Chell, Ode
Bessant, Enrique
Bielfelt, Bourke
Blackater, Carmen
Evreux, Sherwin
Roscher, Carly
Mignot, Fanchon
Pennazzi, Cathryn
Geikie, Walton
Dearn, Patrice
Sharkey, Krystal
Lutman, Webster
Housecroft, Marlyn
Sainteau, Angelika
Ossulton, Marv
Tammadge, Parry
Wyeth, Magdaia
Bryden, Laurel
Gouny, Annecorinne
Springate, Agretha
Kingett, Bartolemo
Dy, Andee
Milazzo, Alasdair
Bilsborrow, Phillip
Semered, Henry
Yeeles, Natalie
Feaver, Chic
Stobart, Larine
McIlreavy, Fiorenze
Christophe, Grete
Spriggin, Riobard
Enever, Toddie
Dolton, Calvin
Ben, Charla
Crowdy, Malynda
Rappa, Pru
Demougeot, Sigismundo
Tatlow, Carling
Gallemore, Woody
Hun, Lianne
Daoust, Tiphani
Brodhead, Stanislas
Gibb, Tim
Thrift, Blair
Piotr, Olenka
Schriren, Waring
Connett, Paddy
Laven, Kylynn
La Vigne, Kimberlee
Everest, Trixi
Garrity, Thorny
Thurlby, Johnathan
Matthessen, Madlin
Kullmann, Blanca
Spillett, Johann
Devennie, Dulci
Signe, Dulcea
Aspenlon, Merrill
Orr, Drake
Janout, Tamara
Algeo, Kelsy
Monsey, Alasdair
Gouthier, Blakelee
Currer, Lara
McInerney, Lindy
Zolini, Marigold
Whitington, Edi
Whittek, Arnoldo
Norree, Scottie
Waterworth, Tatum
Swiffin, Maxy
Linham, Neille
Waddington, Rodney
Grayham, Amalea
Vallery, Halsey
McKernon, Karisa
Mattielli, Izaak
Laden, Ellene
Cecchi, Kelly
Everest, Gerardo
Pascho, Alick
Ranson, Lenee
Tommeo, Dannie
Kovalski, Tull
Teaze, Orella
Worg, Anna
Sustins, Cherri
Rennox, Janenna
Counter, Eberhard
Bulfield, Klarika
Illyes, Skip
Roswarn, Goldarina
Ashwood, Yolane
Leffek, Aylmer
Olivetta, Morten
Pauletto, Chelsy
Daborne, Tulley
Portman, Dewain
Pinkie, Jane
Ixer, Englebert
Cicculi, Reeta
Martinelli, Jilleen
Pietesch, Marylee
Dunkerly, Darsey
Turmall, Cyb
Girardet, Aveline
Acory, Prisca
Rodolfi, Eugenia
Chappelle, Lorinda
Rennock, Jenifer
Nornasell, Vinny
Botfield, Chrisy
Hargey, Denny
Rawstron, Sloane
Auden, Marlin
Irce, Phillip
Jumont, Krystyna
Swyndley, Lynna
Mattschas, Aldis
Vaney, Rozanne
Tiffney, Cobbie
Maile, Burgess
Gallamore, Steven
Cockrem, Adel
Kinkead, Liliane
Howells, Etheline
Huckster, Juan
Rogister, Montague
Stockle, Beitris
Ackland, Kellby
MacMurray, Pippo
Bubbings, Matteo
Coulman, Angie
McNeish, Zea
Hatton, Ritchie
Road, Johanna
Dawley, Milicent
Vila, Rad
Bilney, Patrizio
Bohler, Kamila
Casero, Alia
Tisor, Milka
Slobom, Maynard
Utting, Thoma
Di Baudi, Jerrilee
Fairney, Perry
Rainbird, Clarance
Clelle, Cortie
Blowin, Doug
Hicklingbottom, Zaneta
Mardoll, Valentine
Lauderdale, Mortie
Presnail, Clemente
Stachini, Caron
Heinsen, Carlynne
Burgiss, Fons
Curragh, Tremaine
Retallack, Erv
Giacomuzzi, Michel
Freeborn, Teri
Colhoun, Alon
MacCosty, Johnna
Scrogges, Odo
Samwyse, Leta
Saffon, Ibbie
Gian, Vanya
Lenox, Warren
Hannum, Sylvan
Formilli, Marlow
John, Demetria
Newdick, Celina
Orpen, Elane
Trowle, Lionello
Barnwell, Deane
Guido, Alvan
Shadbolt, Kleon
Rebbeck, Marmaduke
Parsonson, Barbra
Kopfen, Modestia
Jest, Lynnelle
Hughlock, Turner
Fortye, Miguelita
Blease, Lionello
Davisson, Artemis
Ryhorovich, Adelle
Muncey, Glad
Lecordier, Justis
Sendley, Phillipe
Yearns, Milissent
Deary, Norah
Blair, Edie
Arend, Leeanne
Sussems, Giacobo
Fieldhouse, Rudyard
Jickells, Dorey
Normabell, Kirby
Cossey, Bren
Ech, Ludwig
Breheny, Marlow
Trank, Niven
Nortcliffe, Odelia
Vanderplas, Adamo
Glanders, Brantley
Penniall, Hurleigh
Gristhwaite, Jodie
Rack, Bert
Deener, Juanita
Bayston, Ethyl
Sheach, Tracy
Hanalan, Christean
Drewes, Benedicto
Marcq, Hayyim
Whitter, Reggi
Castelot, Alie
Keech, Dav
Benthall, Valaria
Tolussi, Kirby
Bohler, Carey
Jacop, Micheline
Truswell, Dana
Ewdale, Florida
Neiland, Vikky
McJerrow, Germayne
Conachy, Brodie
Kedge, Melody
Gildersleaves, Alisa
Bainbridge, Adrianne
Schindler, Lindon
Wandless, Rollins
Strathdee, Taryn
Sterrie, Ruthanne
Ricard, Dolores
Stillert, Chelsea
MacSkeaghan, Violetta
Balaison, Victoir
Ivanishev, Garrik
Boffin, Abra
Zaniolo, Grata
Jennemann, Linus
Wrinch, Nanci
Kilshall, Milissent
Carmel, Holly
Skaid, Heddie
Powles, Lucas
Bisco, Salomon
Dory, Wenona
Spires, Thorsten
Rowesby, Jaynell
Robak, Fidel
Dudek, Rivalee
Fulbrook, Massimiliano
Nassi, Eberhard
Cund, Sukey
Stucke, Hadrian
Cervantes, Hyacinthia
Skryne, Merv
Halford, Theodor
Kendal, Conchita
Steinhammer, Bartel
Lafay, Miquela
Worner, Binni
Sommerlin, Moreen
Philippet, Kynthia
McDonell, Courtnay
Saiger, Nancy
Joanic, Humfried
Brunning, Katina
Herkess, Nell
Jane, Eddie
McAsgill, Jessika
Minet, Roi
Coales, Sashenka
Doogue, Kerri
Jackett, Rhianon
Utterson, Nissy
Loding, Kippar
Perrot, Loreen
Turle, Gerry
Cottie, Luigi
Itzkowicz, Luciano
Di Matteo, Giavani
Verden, Richie
Rees, Agace
Van Driel, Gael
Smouten, Rita
Skuse, Rivkah
Easthope, Vaughan
Clever, Kayle
Leighfield, Bernhard
Porte, Melonie
Taggart, Tova
Bullcock, Quill
Cheavin, Anthe
Gonnel, Branden
Darker, Gage
Wilmut, Amabelle
Petegrew, Javier
Walrond, Martina
Hackelton, Elsinore
Curedell, Britt
Urey, Urban
Bailes, Adan
Sawl, Hilde
Giorgetti, Otto
Yourell, Idelle
Tritten, Percy
Selborne, Dru
Drance, Georgie
Studders, Conny
Coda, Wendell
Cottingham, Carrissa
Dudson, Kyla
Metheringham, Heather
Ridgedell, Steve
Blakesley, Brooks
MacCrachen, Maxy
Molines, Lorrie
Denty, Malva
Lumb, Wolfgang
Sanday, Roby
Acaster, Stacee
Mussettini, Butch
Boden, Rici
Wardel, Rhianon
Snozzwell, Alastair
Hesser, Mercedes
Derobert, Ludovico
Tincknell, Aubrey
Bondar, Sarge
Beaumont, Ivory
Ripon, Lucia
Brigginshaw, Beale
Blei, Olin
McWard, Phylys
Runchman, Abram
Merit, Lindsay
Standley, Zachery
Lathleiff, Michel
Golda, Gerrie
Dalziel, Elenore
de Almeida, Daria
McCleod, Town
Craze, Karney
Allright, Shaylah
Dowbakin, Cristionna
Shortcliffe, Nappy
Beade, Dino
Watmough, Linzy
Lydiard, Carleton
Woloschin, Judas
Flement, Gustavo
Rayman, Fabio
Rival, Kendall
Endrighi, Berte
Penson, Devin
Roblin, Burch
Vanyakin, Chrissy
Gentry, Keeley
Pien, Chaunce
Francescozzi, Chastity
Olesen, Perrine
Denington, Vance
Kramer, Phil
Mapplethorpe, Vladimir
Cluatt, Stevy
Kunes, Myer
Griffoen, Ernest
Checketts, Ariadne
Sorey, Cybill
Starford, Sandro
Ginie, Gerard
Venables, Jayme
Bleier, Olive
Schuricht, Saw
Smardon, Miguel
Carrabott, Levey
Duval, Brina
Kubin, Alys
Paik, Maible
Biasetti, Randy
Gotcliffe, Hansiain
Mougenel, Augy
Straw, Zachariah
Rawle, Reggie
Held, Aridatha
Brettelle, Obadiah
Flute, Nessi
Shrive, Lexy
Esposito, Hakim
Cooke, Zorana
Rack, Josiah
Vanlint, Valentine
Dalling, Maisie
Whitbread, Khalil
Wais, Ariela
Karlicek, Norah
Ziehm, Merl
Humm, Gleda
Grimestone, Kirsti
Boath, Kurt
Spincke, Coralie
Pimm, Tilly
Casier, Court
Tolcharde, Guenevere
Jenkerson, Chancey
Pucknell, Clive
Reinisch, Christi
Holcroft, Orville
Di Domenico, Haven
Mora, Rowan
Petworth, Enos
Tebbs, Margaux
Whelband, Anna-diana
Rathe, Brice
Gilliland, Emmy
Hendron, Flemming
Aries, Corena
Gasnoll, Laural
Veevers, Standford
Petrolli, Danny
Attryde, Mildrid
Tombling, Waite
Kettridge, Agneta
Powys, Anet
Faughey, Delilah
Mathe, Ella
Duggon, Richardo
Boyde, Jacquelin
Sousa, Jacquette
Merigeau, Retha
McQuaide, Emma
Vellender, Kyrstin
Murden, Libbi
Drewell, Kelci
Bauduccio, Petronille
Castri, Dmitri
Andreasson, Amelia
McGuff, Anitra
Pollastrino, Jana
Treanor, Evelin
Nestoruk, Christel
Vandrill, Charley
Brosio, Margy
Imlen, Frederigo
Schiersch, Lucienne
Balcon, Milka
Doyle, Lilias
Damrell, Menard
Bolduc, Davida
Tacker, Kimbell
Bunten, Lyndsie
Cosh, Ermina
Currier, Therine
Rentenbeck, Yetta
Odams, Stevana
De Cruz, Doralin
Gouda, Boot
Gulberg, Nevil
Hullyer, Gradey
Mugg, Arlie
Faivre, Bernardine
Botler, Neile
Klainer, Jocko
Castagnasso, Sibylle
Mithan, Ruthann
Malarkey, Mackenzie
Penrith, Barry
Purvess, Jacquelyn
Ferron, Klarrisa
Darrach, Nero
Wethey, Nanci
Kliemann, Joann
Bevens, Janel
Hovy, Sybille
Rabier, Heddi
Bellhanger, Charlotta
Tregian, Charlton
Trenouth, Joey
Jermyn, Gilburt
Cornhill, Costa
Vallens, Avictor
Grainge, Fionnula
Dablin, Terrence
Pigden, Randene
Tranfield, Ada
Skiggs, Colette
Tuplin, Julius
Hebburn, Alix
Catmull, Ruthann
Bere, Laurice
Falkus, Hyacinthie
Wegener, Kane
Anselmi, Sander
McGillreich, Leupold
Washington, Humbert
Stebbin, Elie
Ben, Val
Cullon, Germaine
Kellie, Zahara
Jaskowicz, Ross
Duny, Brewer
McIlmorie, George
De Lasci, Serena
Marsden, Cathi
Geaveny, Pam
Heiton, Averell
MacGillivray, Karlen
Effemy, Tiffani
Sargent, Yurik
Reiners, Kim
Westmancoat, Queenie
Kincey, Kendal
Salaman, Sheelah
Casassa, Ertha
Crysell, Livvyy
Burton, Dorene
Eastop, Giselbert
Normanville, Emelyne
Castagneto, Kelila
Briar, Levin
Considine, Lonnie
Vicioso, Dane
Howlett, Percival
Kempson, Gianina
Byars, Sylas
Madrell, Constantin
Ivashnikov, Geoffrey
Abbey, Kim
Farady, Tris
Deane, Annis
Parmiter, Gherardo
MacPhaden, Edouard
Stott, Creight
Yersin, Hal
Huntriss, Ashlan
Boggon, Hazel
Heinz, Kaela
Filov, Joyous
Bishell, Lula
Meggison, Joice
Collip, Rycca
Falconer-Taylor, Karney
Loadwick, Jacklin
Attewill, Bryan
Reilingen, Kipper
Kalberer, Winslow
Arstall, Mickey
Sultan, Adda
Signorelli, Gwendolin
Mathieu, Fawnia
Cheyney, Bobbye
Abrahamian, Nydia
Winkworth, Iona
Manns, Marco
Thurbon, Dante
Crozier, Bunnie
Amesbury, Chen
Impy, Graig
Logg, Darleen
Cribbin, Alejandra
Herion, Abby
Lergan, Madlin
Dach, Elysia
Boots, Dun
Larrington, Dorian
Studders, Yvor
Handley, Feodora
Comusso, Adham
Auchinleck, Kevin
Attrie, Melvyn
Harradence, Kent
Glennard, Dode
Beare, Trumann
Buesden, Cassondra
O'Corhane, Dollie
Philippou, Doyle
Dole, Gardy
Derle, Thorstein
Langhorne, Archie
Gunthorp, Claudette
Leyson, Sande
Casazza, Gearard
Iglesiaz, Rosalyn
Slogrove, Rosemary
Conman, Reginald
Tolle, Lazare
Leach, Alane
Barraclough, Myrta
Hurler, Madalyn
Angless, Giorgia
Vellden, Nerissa
Vandenhoff, Niki
Geare, Sibelle
Authers, Nat
Totterdell, Georg
Capaldo, Franny
Formilli, Patin
Makepeace, Der
Rubinsohn, Lorianna
Guthrie, Clemens
McClurg, Guinna
Mably, Athene
Jezzard, Charin
Valdes, Gayel
Ryson, Darline
Ecclestone, Farica
Stradling, Joshua
Connue, Wilfred
Yitzhak, Inesita
Tilt, Martainn
Digle, Moselle
Danher, Christophorus
Piercey, Niel
De Lascy, Jenifer
Dempster, Lilly
O'Keefe, Constanta
Rosie, Jasun
Ellicock, Dot
Gianasi, Kasey
Resun, Iain
Scholig, Chris
Oldknowe, Malcolm
Belcham, Phillip
McGeachie, Legra
Petticrew, Ebba
Girauld, Taryn
Rubee, Jackson
Ventris, Kit
Junifer, Oliviero
Thiolier, Fitz
Segge, Delia
MacGaffey, Vonnie
Starford, Ambrosio
Tupper, Giana
Peacey, Vito
Woolhouse, Verena
Martinuzzi, Giuditta
Pococke, Shelli
Signori, Denise
Camelia, Yehudit
Hutt, Aldric
Shyres, Gustav
Hayth, Ly
Shillom, Betteanne
Francie, Jakob
Tomczykiewicz, Darryl
Cleynaert, Zelma
Cotte, Marwin
Levi, Mose
Garland, Quinlan
Naismith, Junette
Musicka, Lenore
Durward, Doti
Crannis, Luigi
Baudone, Amii
Ciementini, Marje
Battaille, Guglielma
Jumel, Roldan
Maciocia, Dinah
Baldassi, Ginger
Joselevitz, Nickey
Matevosian, Dominic
Heyball, Norah
Hasard, Vivian
Panchin, North
Jacks, Ermin
Goneau, Jenn
O'Hare, Hilario
Braksper, Bernie
Cathel, Derry
Kitchaside, Evangeline
Corp, Heather
Jenik, Zsazsa
Dochon, Lurleen
De L'Isle, Euell
Collumbell, Gusti
Weatherburn, Travis
Giottini, Carolina
Dreossi, Sollie
Risdall, Claiborne
Dury, Garrard
Wandrey, Annice
Print, Jewell
Bartosik, Linus
Lavrinov, Lindsy
Playden, Christal
Tanby, Wilek
Broszkiewicz, Pierrette
Zuan, Matti
Hammant, Fayre
Pendrey, Aubrey
McVee, Shannan
Plewman, Patrice
Castard, Artemis
Brierley, Nissy
Henrie, Skippie
Sarsons, Phillipp
Sorley, Patricia
Signore, Velma
Avramchik, Kinny
Conklin, Caspar
Emma, Morse
Capron, Kyrstin
Tingcomb, Natalina
McMillan, Penny
Craster, Timmie
Tythacott, Silvia
Courtese, Pavla
Woolfitt, Taylor
Tretwell, Elizabeth
Bearward, Kent
Comi, Hilly
Moubray, Gina
Swaffield, Kathy
Clougher, Marley
Sandilands, Valentine
Eyre, Abner
Tweedell, Dukey
Vasyunkin, Evaleen
Beushaw, Justus
Magnus, Tobye
Hannay, Waly
Vayro, Moe
Docket, Maud
Banfield, Elmer
Walsom, Shalne
Brightie, Gretchen
Buxcey, Welsh
Padillo, Loria
Curedell, Marquita
Bastow, Minor
Manuaud, Broderic
Pandey, Bartolemo
Berge, Lotta
Dumelow, Flory
Shropsheir, Norris
Lavery, Henriette
Boughtflower, Eugenie
Casaletto, Galina
Ruseworth, Rivkah
Spurier, Annadiana
Derks, Jess
MacCafferty, Yolanda
Clemendot, Carolan
Roelofs, Marilee
Overy, Farley
Simmig, Evelin
Stert, Reba
Vise, Kylie
Gerhts, Adrea
Beggio, Abbie
Bonwick, Norine
Suffe, Rubetta
Bourne, Graham
Owttrim, Weston
Dougan, Martguerita
Sparks, Anne-corinne
Lourens, Kort
Lorriman, Ceciley
Menichi, Dacy
Coule, Merrie
Bartod, Carrol
Rikkard, Hakim
Chansonne, Monroe
Wolfarth, Lorettalorna
Chamley, Waverley
Ransley, Glenn
Castagnet, Israel
Nenci, Lisabeth
Sprake, Bat
Klementz, Marshall
Corrington, Christophorus
Skally, Lorens
Kreber, Jordanna
Stallwood, Lexie
Pettiford, Chris
Begg, Cecil
McGaughay, Therese
Duchart, Carlynn
Tieraney, Dalila
Jay, Kimmy
Espinoza, Kendricks
Peasegood, Brandi
Brewin, Garry
Mufford, Kellina
Tofpik, Billy
Kitlee, Mercy
Bearns, Willis
Fidian, Gizela
Forestel, Carline
Hounsham, Archaimbaud
Schneidau, Piper
Mufford, Ferdie
Mirfin, Easter
Quinlan, Rick
Filippazzo, Rudyard
Felgate, Estele
Vido, Buiron
Dressel, Ephrem
Isgate, Izabel
Losty, Perl
Weal, Grete
Whitely, Tomaso
Vobes, Opal
Absolon, Rina
Wilstead, Caitlin
Cousens, Berna
Wedmore., Anabelle
Conyers, Chance
Hummerston, Bentley
Coulston, Whit
Orrum, Tiffi
Cullrford, Noelyn
Exton, Lorant
Golder, Gilburt
Fullom, Merrili
Dungate, Lacey
Furmston, Hammad
Shakesby, Farleigh
Fantin, Butch
Akrigg, Janenna
Standall, Cosette
Clere, Lee
Hansemann, Yank
Moens, Lacy
Braz, Jyoti
Battista, Arnoldo
Trulock, Jehanna
Buxcey, Dulcy
Narup, Joey
Radborne, Cheryl
Martschik, Jenica
Bawden, Hollis
Dewhirst, Keelia
Tuffrey, Tyrone
Amiable, Cami
Mewis, Stearn
Yeates, Gertrudis
Peyton, Dorothy
Quadrio, Ellerey
Childers, Nickie
Stute, Jacinda
Penberthy, Maje
Crinidge, Dorene
Yurukhin, Meredith
Oatley, Sile
Philip, Shayne
Orro, Chaunce
Clericoates, Tabby
Southwick, Addia
Garnall, Philipa
Hanburry, Dael
Barras, Alyson
Dowse, Claribel
Henze, Ailene
Crommett, Farly
Culwen, Giustina
Ruby, Earvin
Adkin, Amandi
Tweddell, Dugald
Crocombe, Roland
Hinken, Lorianna
Danilin, Harald
Mattedi, Kain
Goad, Britteny
Adderson, Gabbie
Gorner, Tabbie
Wederell, Jake
Bratchell, Aloisia
Boate, Justus
Tunstall, Henrik
Waulker, Dahlia
MacMenamie, Sarah
Malcher, Edita
Snashall, Lorin
Gilbane, Dionis
Rainon, Patric
Bonde, Anatola
Heinzler, Inglebert
Judge, Charmaine
Eneas, Trueman
Arlt, Emmeline
Lago, Orella
Hamlyn, Sully
Hause, Horten
Flute, Miltie
Crowther, Terrye
Mundie, Judon
McPhillips, Clyve
Simionato, Cher
Tapsfield, Reggie
Berndtssen, Jennica
Coate, Sauveur
Broomhall, Cyril
Willden, Oralia
Lathee, Rodina
Bucksey, Hadria
Sandercock, Alfreda
Bewsy, Greg
Van den Bosch, Karita
Richmond, Ashlen
Luberti, Blondie
Druitt, Elroy
MacCaughen, Bernita
Edington, Naomi
Willshee, Gilburt
Clyde, Bella
Pady, Leonard
Pietrusiak, Trixy
Klimecki, Barbe
Deane, Emmott
Wishart, Corbett
Curcher, Corbin
Sartin, Maddy
Vedeshkin, Kally
Zoanetti, Elisha
Teare, Lorianna
Tungay, Oralle
Westpfel, Lani
Hargrove, Jay
Lampart, Izabel
Marnane, Oralee
Phelps, Skye
Mc Grath, Dael
Semrad, Ryann
Pigram, Legra
Bauld, Vivianne
McLagain, Conant
Crasswell, Xenos
Carey, Emelda
Pinkney, Aubrey
Farland, Osbert
Filyakov, Keelby
Blaasch, Wolfgang
Biaggi, Calypso
Claw, Rachele
Revie, Aleksandr
Bramstom, Ginnie
Blucher, Welsh
Grzesiak, Antonino
Fitzjohn, Adamo
Escot, Evonne
McCulley, Moll
Ruane, Ryley
Brennen, Ashly
Bantock, Ortensia
Studde, Bernie
Gooddy, Susann
Maloney, Nevil
Kempton, Griz
Argyle, Luciana
Trevillion, Amalia
Pattle, Alleen
Liggons, Perla
Masse, Faber
Bolmann, Portie
Tyrrell, Brett
Reddecliffe, Edmon
Gasnoll, Seka
Farnell, Sutton
Escritt, Heidie
Mandal, Blakeley
Bristowe, Gennie
MacMickan, Lindy
Djokovic, Ericka
Yatman, Frederik
Caustick, Arther
Osant, Pinchas
Hassall, Lavinie
O'Rudden, Lemuel
Cockley, Winne
Lavelle, Kayne
Doghartie, Mariele
Riddall, Alfonse
Haly, Waldon
Hindmoor, Leeanne
Gabriel, Kendricks
Shyram, Wayland
Seifert, Butch
Flood, Rafferty
Barradell, Joye
Lenox, Pincas
Ferson, Pippo
Evason, Hollis
Moulson, Marijn
McKune, Gail
Kemster, Townie
Duggary, Coral
Gajewski, Halsy
Styant, Phip
Foad, Herrick
Jozsef, Morey
Innwood, Judah
Mugleston, Charlton
Heaselgrave, Janine
Bruton, Patton
Thunnercliffe, Dennison
Matevushev, Ermanno
Sevitt, Hieronymus
Greenlies, Mathilda
Raubenheim, Israel
Chatainier, Casie
Acock, Ryan
Cassedy, Rosette
Perford, Salomone
Scyner, Bernardo
Urquhart, Hadleigh
Buscher, Crosby
Lewis, Rickie
Whilde, Reta
Piperley, Dolf
Lay, Jannel
Woolstenholmes, Elane
Larkin, Ofilia
Presdee, Millicent
Tate, Lilla
Owens, Sonnnie
Fanshaw, Burg
Everil, Evanne
Fforde, Emlynne
Habble, James
Condy, Aymer
Mantione, Zora
Bertouloume, Karia
Vanezis, Berkley
Bennie, Althea
Warlton, Kathleen
Horsell, Clarisse
Bernot, Evita
Spurnier, Archaimbaud
Pautot, Hedvige
Cracknall, Tiffanie
Neeve, Filbert
Banville, Duke
Sang, Bibby
Gallienne, Aviva
Vockins, Kamillah
Allinson, Ly
Burn, Winona
Skoggins, Imogene
Hinstridge, Casey
Dymock, Minetta
Dadge, Lind
Samper, Faber
Meese, Goldie
Conradsen, Liv
Hrihorovich, Winfield
Mathissen, Aretha
Cosford, Jethro
Deer, Jacquette
Ryles, Tab
Bagley, Roze
Meininking, Elysia
Hayselden, Carry
Firidolfi, Dore
Smillie, Hilary
Kittman, Brena
Parysowna, Rakel
Woolard, Trace
Seaton, Derrik
Kilsby, Lucias
Arnow, Ansley
Locker, Dania
Crinkley, Janka
Bellows, Josey
Arrighini, Temp
Campe, Tani
Niccolls, Corrine
Heritege, Ailey
Deschlein, Maudie
Duke, Miof mela
Inglefield, Hester
Oller, Chauncey
Whiteman, Vincenty
Cordrey, Thibaut
Peele, Charlotta
Petr, Julian
Gladeche, Nike
Riddich, Nike
Danielovitch, Oby
Bravey, Noelani
Cartner, Ephrem
Ipsley, Gare
Hearl, Wilona
Mayer, Ludwig
Edon, Caresse
Senogles, Theo
Haste, Fay
McHaffy, Larina
Acutt, Dulcy
Yarnell, Gordy
Sedworth, Florina
Sturley, Padgett
Pellington, Ursulina
Stannah, Cordy
Brim, Merill
Heistermann, Lou
Elsie, Marji
Challis, Desdemona
Connew, Gwenora
Jelf, Basile
Dunan, Dilan
Haggett, Lovell
Blakeman, Jacob
Ayer, Zondra
Franklin, Juli
Cobelli, Garrott
Purchall, Desirae
Cordeau], Cristy
Lanigan, Gaven
Figliovanni, Tootsie
Mertin, Lanny
Timothy, Isaiah
Carrol, Lotti
Reilly, Lee
Hutchinson, Kittie
Skehens, Gasper
Addenbrooke, Marco
Bamlett, Genevieve
Roglieri, Allx
Aitkin, Alley
Wims, Cyndie
Filyakov, Lisabeth
Gerred, Kasper
Le Grice, Christophorus
Klimshuk, Megan
Oakeby, Georas
Beggi, Hart
McKinna, Lorraine
Liston, Kameko
Wittleton, Leanna
Cornelisse, Timmi
Tillot, Claudelle
McLauchlin, Broderic
Crosetto, Danell
Pettifor, Bernete
Merrall, Babbie
Bly, Risa
Cheevers, Mick
O'Kerin, Kristofor
Kinleyside, Fabian
Scarrott, Scarface
Posnett, Enrica
Chestney, Klara
Moodey, Teddi
Arguile, Walliw
Bonelle, Aldis
Aspinall, Dorey
Maskelyne, Tatiana
Guarnier, Vanya
Malam, Carlotta
Kalvin, Crichton
Desport, Symon
Puttnam, Pierson
Kearns, Flory
Meldon, Merle
Yarwood, Marlyn
Bresnen, Diandra
Farrand, Germain
Isaaksohn, Lenna
Baldick, Ainslie
Yerrington, Hallie
Dowle, Anya
Pether, Whitney
Kamiyama, Curtice
Splaven, Skip
Flecknell, Ephrayim
Cordero, Norrie
Kleingrub, Orsola
Maxsted, Pavia
Matuszynski, Wilmar
Summerly, Kermy
Cicero, Aeriela
Bliben, Cary
Dyment, Brigida
Ainscough, Danica
Hauch, Alain
MacCafferty, Sisile
Shaves, Ardene
Clemont, Inness
Askin, Madeline
Ebhardt, Jannel
Bakes, Rachael
Perfitt, Dorie
Plott, Faye
Thunder, Alberta
Pettersen, Chlo
Ivashechkin, Kati
Cattlow, Keely
Trask, Aluin
Donnan, Kenna
Adamkiewicz, Robinia
Wickliffe, Chantalle
Bonafant, Mariska
Walding, Sigfried
Kybert, Teresita
Cuerdall, Israel
Bracegirdle, Mathias
Stallybrass, Hayes
Chalcot, Pearl
Paskerful, Cordy
Curnnok, Emmett
Simmers, Garek
Daldan, Emlynne
Duffil, Gerek
Holtum, Herve
Rubinsohn, Andee
Villaron, Charleen
Brawley, Salli
Idenden, Heall
O'Dee, Niki
Dunlap, Ulises
Gallagher, Caldwell
Coppens, Danyette
Kann, Andra
Rewbottom, Emmey
Crowdson, Morganica
Dhenin, Lorianna
Guidoni, Jordanna
Downgate, Rosabella
Weekley, Max
Brannon, Red
Mordue, Lonee
Avrahm, Lucinda
Pennycock, Janenna
Brewse, Emmalee
Stubbert, Catie
Hugett, Holmes
Stonner, Tom
Crowe, Benedicta
Dranfield, Lorant
Waulker, Bethina
Meneghelli, Hubie
Friel, Melissa
Toplin, Sherye
Taft, Bellina
Dorset, Bee
Lowman, Emmery
Gull, Margarita
Morin, Shayne
Alenikov, Ole
Nowick, Nikita
Tonry, Ahmed
Murie, Maxie
Corston, Gifford
McHarry, Augusto
Kobpac, Elmira
Shower, Zachery
Hammonds, Shurwood
Harlowe, Chic
Lorkins, Brena
Fossitt, Adriana
Cunnow, Vannie
Brookwell, Elwood
De'Ath, Amabelle
di Rocca, Kendall
O'Dowd, Marsh
Cronk, Devan
Skirlin, Wilmette
Teaser, Terri-jo
Renehan, Pamella
Gheerhaert, Vernice
Bending, Abran
Boich, Legra
Huot, Flo
Babst, Loren
Rockcliffe, Barbe
Inger, Laurence
Gethin, Chrisse
Curwood, Carolan
Corradengo, Stefano
Ecclestone, Dame
Corkell, Arielle
D'Onisi, Moyra
Faraday, Allegra
Tilling, Morissa
Beig, Rosana
Demonge, Olly
Guiducci, Genny
Cutler, Jamal
Hackford, Mollie
Hellens, Tyrus
Petrou, Hendrick
Cleugher, Eleonore
Ferrarin, Norina
Suggitt, Hillyer
Greeves, Sabrina
Odda, Kimberley
Layborn, Dyanna
Goldie, Dacia
Piletic, Elka
Beecraft, Mildrid
Tassell, Sharline
Davie, Cassie
Meriguet, Winnie
Balentyne, Sydney
Huddles, Allsun
Ferryn, Gabriello
Obee, Julina
MacGinney, Alvin
Chipchase, Adelbert
Tolworthy, Hugues
Snaddon, Chic
Leney, Theodosia
Pierrepoint, Chrissie
Grunwald, Philipa
Brimham, Hube
Sothcott, Bertina
Batie, Amie
Polotti, Jorie
Scohier, Ashly
Lorking, Glori
Evans, Giorgia
Stiddard, Lucinda
Rosling, Cristiano
Karlolczak, Nealon
Allard, Othella
Maycey, Costanza
Zanetto, Carlita
Blooman, Boy
Litt, Zachary
Dinsmore, Melony
Blinde, Caldwell
Tenaunt, Mora
Rowlands, Orly
Heindl, Ellyn
Izhak, Bambie
Crowdson, Gweneth
Trattles, Aigneis
Kiddell, Bellanca
Marjoribanks, Clarette
Rankcom, Lenard
Stringfellow, Nowell
Heaker, Ashlee
Bougourd, Oran
Akester, Elka
Bradman, Eugenius
McKimm, Maribelle
Ealden, Kinna
Murray, Emmet
Danser, Hobart
Powderham, Sandie
McAuliffe, Glori
Ovesen, Gregorius
A'Barrow, Batholomew
Beresford, Wat
Batchley, Lorri
Keir, Konstantine
Buggs, Blair
Deftie, Faustine
Jansen, Erskine
Geraghty, Clay
Challicombe, La verne
Fasse, Kareem
Clench, Raffaello
Gregorace, Delilah
Millett, Nonie
Kobera, Meade
Blamires, Kass
Groven, Keary
Safont, Cordell
Hyatt, Zaneta
Kensy, Noel
Fluit, Cassi
Dowty, Harlen
Vaughn, Clarey
Dorling, Mayne
Baldinotti, Derry
Childs, Minette
Dawidowitsch, Lief
Kliment, Roger
Weight, Hall
Delos, Irwinn
Pedel, Lazare
Cona, Nelia
Pepperd, Inger
Dalinder, Emmet
Benesevich, Leisha
Lomansey, Antonia
Glitherow, Huey
Geely, Darline
Sargant, Franciska
Dunbleton, Rosalinda
Van Eeden, Frederick
Nealy, Mahalia
Robel, Tomi
Nayshe, Rachel
Buckie, Colby
Alishoner, Katherine
Brayn, Michaela
Skirvin, Vania
Hutfield, Tiffanie
Gentile, Zechariah
McHale, Judith
Couve, Sharline
Devonish, Dorise
Disman, Mariam
Domange, Humfrid
Duke, Marcel
Gorrie, Erastus
MacAleese, Carlyn
Sea, Keelby
Hayley, Dorena
Darrington, Helga
Rait, Bobina
Brithman, Robbert
Tupman, Emelita
Sneezum, Pollyanna
Simla, Hildagarde
Tuxell, Den
Dunlap, Moore
Mochan, Consolata
Gullyes, Fredek
De la croix, Emmit
Creany, Fredrick
Lighterness, Ezri
Slyme, Corty
Duchatel, Henriette
Syphus, Peder
Klossmann, Dorree
Ricci, Brigitta
Jiggen, Nap
Mattheissen, Lindie
Crickett, Atalanta
Philler, Starla
Putman, Nikolaus
Groll, Hanna
Rimbault, Tom
Doveston, Kesley
Hew, Shanie
Pigeram, Cati
Rentoll, Glenn
Dulwitch, Fred
Synnot, Mireille
Chancelier, Godwin
Wilcocke, Kirsten
Hampson, Jessica
Deinhardt, Fayina
Reavey, Nadine
Swinfen, Arlee
Shillabear, Wolfy
Figin, Sybilla
Ahrens, Nadine
Drance, Tracee
Capstick, Starlene
Poor, Bernadine
Gritsaev, Wilbert
Licciardiello, Marjory
Thacke, Lance
Soles, Baxy
Beven, Kimble
Furness, Christye
Liddington, Salvidor
Harses, Cassandra
Harlin, Cam
Bradnick, Nicole
Devil, Shani
Pitchford, Derry
Peal, Reiko
Akeherst, Marc
Balfour, Alisha
Lante, Lorne
Meiningen, Hermine
Johnigan, Jill
Daines, Shaughn
Bricham, Felicia
Tingey, Annabel
Torfin, Sharlene
Rathmell, Davidde
Hawking, Hercule
Rookwell, Jere
Arbon, Jane
Tyt, Lucila
Holley, Justen
Hale, Pauline
Sneesbie, Estevan
Oyley, Walsh
Ambrozewicz, Roana
Hyde, Agnola
Brunton, Daffi
Signorelli, Lenna
Blasiak, Klara
Rooper, Ody
Hunnisett, Nickolai
Burgise, Bernard
Acuna, Shamus
Tiery, Giraud
Handscomb, Birdie
Garnett, Camile
Stubbings, Audre
Ioan, Celka
Blancowe, Anatollo
Top, Rebeca
Bleesing, Lonnie
Jouning, Enrica
Kingshott, Raeann
Tolomio, Kayla
Dane, Barrie
Boyn, Merrilee
Bein, Torrin
Aicken, Doralin
Tomasi, Tessie
Dubs, Winston
Cabrer, Fernande
McGorman, Barrie
Siviour, Sarine
Sherbrooke, Cristabel
Flewan, Cherilynn
Medcalfe, Winfield
Drysdale, Meggi
Postins, Moore
Fernant, Berget
Docksey, Zelda
Plews, Wain
Christall, Diena
Edgin, Annabel
Blues, Markus
Bruna, Dorolisa
Davidovich, Giffard
Jensen, Chrotoem
Hayhow, Marwin
Jonas, Robinson
McKiddin, Hymie
Hurle, Uriah
Happer, Minda
Bewlay, Jervis
Denekamp, Sosanna
Bellenie, Delora
Holdren, Barby
Bezants, Brigitte
Siegertsz, Carrol
Kempshall, Xymenes
Cholton, Windy
Pringell, Conrad
Gambie, Zacharia
Yeomans, Ibrahim
Swine, Corrie
Ferriby, Roland
Wilber, Amelia
Edmenson, Granny
Taphouse, Jervis
McIvor, Devin
Hobbert, Daloris
Hurt, Ursula
Evesque, Jeffrey
Basire, Buddie
McHugh, Duke
Hardstaff, Natal
Zanioletti, Jerad
Devo, Mariquilla
Tattam, Michelle
Clapston, Eugenio
Laherty, Breanne
Woolforde, Artair
Sebrook, Alyse
Zimmermanns, Star
Boden, Ellary
Pachmann, Katrine
Sanday, Nevile
Drinkhill, Moore
Mingauld, Elaine
Alliston, Manolo
Strass, Cathrin
Antunez, Marcia
Sinyard, Lorrie
Tousy, Corny
Janovsky, Nedda
Longridge, Helen-elizabeth
Kroll, Craggie
Coultar, Sammy
Tavener, Orville
Khosa, Ezequiel
Pescud, Persis
Tompsett, Armstrong
Griffithe, Lilah
Godlee, Carr
Autie, Cal
Keddey, Valery
Bere, Linea
Proschke, Ruth
Caller, Patience
McBlain, Granger
Gyse, Emmanuel
Rafferty, Jerrie
Seabourne, Malia
Crafts, Kaile
Pietz, Etheline
Plover, Elijah
McGarry, Brooks
Foston, Zilvia
Cockin, Jeanna
Leeburne, Murvyn
Allsep, Adriaens
Bartlett, Patton
Weal, Halli
Gillyett, Siobhan
Spridgen, Veradis
Mennell, Alastair
Attock, Jordan
Arlet, Oberon
Busson, Shani
Richemont, Nickolas
Allender, Stace
Brobeck, Fons
Szreter, Humberto
Ruby, Maiga
O'Hannay, Karee
Lepick, Charla
Vasenkov, Cullen
McOwen, Violette
Artingstall, Silvia
Keyworth, Rurik
Gornar, Bel
Shilling, Kelby
Cheverell, Simone
McQuillan, Willi
Manchett, Walker
Gobeaux, Winnie
Orgen, Pearl
Androck, Hailey
Woodroffe, Karlee
Batchelder, Niki
Ghest, Astrix
Gerardeaux, Flori
Canty, Haskell
Roon, Monroe
Abramowitch, Evangeline
Paszak, Lammond
Mullane, Rhonda
Keggins, Porty
Daal, Deeanne
Praundl, Ameline
Mableson, Dennie
Fessions, Aldin
Goodrum, Chantalle
Treppas, Dexter
Parell, Amelie
Vitet, Cornie
Maleham, Laurel
Aldwick, Ilyssa
Terrington, Jori
Tointon, Gregorius
Hallwell, Jacob
Haythorne, Cosmo
Salvage, Willem
Blacklawe, Golda
Dungay, Kristopher
Kenealy, Rori
Trotton, Brooke
Worman, Pavia
Annetts, Jimmy
Thireau, Garald
Plumridege, Lazare
Lodder, Barnaby
Hanselmann, Cory
Merriton, Sosanna
McKeand, Ethelbert
MacKnocker, Kipp
Sirman, Casar
Reuther, Rochella
Ivermee, Ezekiel
Handling, Gerhardine
Ligerton, Christabel
Guare, Cyrille
Ellingworth, Brett
Ramplee, Barnard
Urridge, Willette
Higgen, Nerty
Craven, Keelby
Muscat, Bonita
Halvorsen, Abbot
Leidecker, Nathanael
Jersch, Alaine
Rivenzon, Cati
Viggers, Shea
Sandyfirth, Xavier
Rist, Willard
Jeandin, Gillian
Hallstone, Charleen
Mathou, Fancie
McAdam, Maddie
Stealey, Elmira
Andrivot, Graehme
Grenkov, Regina
Paradine, Carlyle
Macci, Benjamen
Applegarth, Brigitta
MacIlriach, Barnaby
Chaplyn, Benedikta
Temporal, Silvana
Etherton, Culver
Paggitt, Margalit
Danielut, Madeline
Dinesen, Dacey
MacDonagh, Lorri
Hastin, Waldo
Gimblett, Raquel
Blade, Vivian
Gierke, Cullin
Beatty, William
Godfray, Mable
Hammatt, Miguel
Sole, Charmaine
Stopp, Rhys
Kinker, Bibbye
Desporte, Emmalee
Wanless, Arnuad
Eldered, Bartholomeus
Druce, Fannie
Truman, Jolyn
Kitchenman, Daria
Carlow, Denise
Zamora, Lester
Furbank, Aurie
Murrell, Hazel
Dilrew, Delphinia
Lomax, Priscella
Dast, Granger
Frewer, Clarey
Milsom, Yasmeen
Aldrin, Kayne
Bampforth, Calida
Norcliff, Arleen
Cristobal, Korrie
Crockatt, Cyrill
McShirrie, Gusti
Farndale, Fred
Beccero, Binnie
Kornousek, Jacinta
Lovart, Talbot
Clery, Eileen
Sherer, Kiersten
Harpin, Shelia
Cotman, Harp
Devonshire, Beatrisa
Theis, Evangeline
Dacke, Wilden
Ginner, Monah
Tucknott, Joannes
MacEntee, Sacha
Flett, Wilmette
Martell, Norbert
Ramplee, Caria
Caplis, Hollyanne
Brokenshaw, Blayne
Sante, Laurence
Doll, Onfroi
Orgel, Pearle
Bridgewater, Jillian
Lenham, Wilden
Flay, Ronnica
Dudmarsh, Silvanus
Kinzett, Rae
Cossentine, Norry
Kener, Sheppard
Fernando, Cherlyn
Curtois, Oren
Handsheart, Arabelle
Kubatsch, Byrle
Markwell, Gerri
Bimrose, Koralle
Toynbee, Ivie
Innerstone, Tremaine
Munn, Imogen
Wildman, Sidonia
Nickell, Stafani
Farguhar, Krissie
Gon, Panchito
Forsbey, Issi
Brighouse, Ewan
Scawton, Errick
Muckeen, Barrett
Ponde, Yelena
Lavalde, Ermengarde
Hinstock, Otto
Witherspoon, Asa
Rens, Grove
Eley, Kori
Charge, Wes
Rehm, Dmitri
Maestrini, Cyb
Cheyney, Lincoln
Penner, Hali
Boc, Trace
Adin, Alfred
Snare, Evey
Careless, Clemente
Looks, Nance
Parcell, Fiorenze
Pietrusiak, Ancell
Enrico, Siward
Elcome, Lidia
Taffarello, Clarissa
Wiltshear, Ula
Savage, Caralie
Kemer, Olav
Seif, Alie
Patry, Teriann
Bianco, Bertram
Blunden, Allegra
Saich, Henrieta
Yesenin, Hubey
Jendrusch, Shea
Gibling, Cal
Quantick, Michelina
Irnys, Wright
Lackmann, Elissa
Bolt, Bar
Dolley, Wallis
Como, Alina
Pauncefoot, Donny
Orae, Annice
Headingham, Cissy
Corbie, Muffin
Altimas, Bennie
Skittle, Glenden
Gallon, Eal
Bougourd, Ginevra
Rogez, Denver
Ollerhead, Nikki
Lie, Georgette
Trower, Hilliard
Curtoys, Jodi
Loudian, Phillip
Loughead, Paulie
Dinsale, Chas
MacNair, Cobby
Maxfield, Renelle
Itzkovici, Doris
Sadlier, Spencer
Engledow, Cass
Tennock, Karmen
Hawkswood, Hayyim
Sylett, Rolf
Spriggs, Ellen
Gurry, Augustin
Kimmins, Kearney
Chinge, Audre
Greensall, Robbie
McVitie, Malena
Gave, Tammara
Dowbakin, Reggie
Galego, Angele
MacDougal, Madeline
Birchenhead, Erhart
Nielson, Virginie
Fullegar, Nappy
Doran, Nada
Gever, Mina
Dwane, Terry
Matignon, Darby
Strangman, Flemming
Longmore, Ellery
Sawter, Justine
Jodrellec, Natka
Ayer, Barbee
Ebhardt, Joachim
Lindroos, Ingra
Collister, Krystalle
Ablitt, Sarina
Spanton, Dulciana
Sexcey, Amalie
Dartan, Niki
Bowich, Dionne
Gartland, Biddy
Carncross, Tades
Criag, Natala
De Matteis, Wallis
Edmund, Irwinn
Varvara, Samuel
Broomfield, Jamie
Jorissen, Beverly
Gerber, Celisse
Diehn, Gayle
Bitchener, Lindi
Spinola, Oona
Pheazey, Kinsley
Burtwistle, Katti
Heath, Suzanne
Vasey, Raphaela
Souley, Nadiya
Schrieves, Melonie
Tripony, Chaddie
Brenston, Shannon
Stein, Sheelah
Trustrie, Arie
Udell, Zeke
Cantwell, Byrann
Tebb, Lurleen
Matthai, Madelon
Codrington, Pearce
Woollard, Hewie
Hastie, Friedrick
Whiteley, Hildagard
Mogie, Marcia
Ferrettini, Husain
Barczewski, Sidonnie
Castaignet, Sammy
Lawday, Barret
Bausor, Anne
Yelland, Livvy
Mackriell, Rodolph
Drissell, Kenneth
Brabham, Lelah
Allanby, Hermann
Corre, Conroy
Sherlock, Marlane
Yeomans, Khalil
Spurdens, Stefano
Omond, Caleb
Smeeton, Georgia
Fitzgerald, Davidde
Middas, Flss
Minshaw, Carlotta
Arnke, Andras
MacCracken, Dannye
Hearse, Wallas
Furness, Jourdain
Tremayle, Dominique
Morphew, Eugen
Maryan, Alfreda
Gladman, Cecelia
Comford, Pinchas
Measom, Henryetta
Stimpson, Jabez
Smylie, Ellswerth
Burvill, Ann-marie
Mariolle, Jamaal
Vedyaev, Shir
Goldin, Ashli
Corcut, Lusa
Cathcart, Merrel
Geraldo, Stanislaus
Philot, Florenza
Byard, Janeczka
Niblett, Lorilyn
Salvadore, Candice
Turbill, Shay
Rickards, Louise
Yedall, Tate
Mcasparan, Geralda
Ciccarello, Minetta
Fosdick, Tomlin
Millbank, Maurise
Bibb, Robin
Hegarty, Nickolaus
Goddard, Fiona
Reddington, Tally
Ioselev, Inna
Forge, Joye
Learmount, Nerty
Vader, Amalee
Canario, Hephzibah
Trebilcock, Shelby
Gorry, Felecia
Aronovitz, Arlen
Kelcher, Blakelee
Cafe, Tildy
Hutfield, Sutherland
Cunniffe, Keelby
Sleight, Farra
Tilby, Jennie
Bundey, Morgun
Rochford, Avigdor
O'Spellissey, Cal
Tewkesbury, Jackie
Whanstall, Estell
Habbes, Katti
Kuhn, Amalle
Prime, Gabriel
Appleton, Fredericka
Pawley, Janetta
Lefort, Arel
Tester, Ebenezer
Koubek, Curtis
Dodamead, Brittne
Whatling, Sile
Roch, Heddi
Bernardot, Artemas
Hughland, Olive
Raylton, Lucille
Gradon, Jillene
Goodfellow, Ryan
Aylin, Wyn
Mattingley, Ruthann
Brambill, Leigh
MacConnell, Chelsy
Sigars, Haze
Vickar, Lucia
Simonel, Dara
Ong, Fanchon
Shurrocks, Guilbert
Ramelot, Helyn
Cortin, Cathryn
Bluck, Violette
Garnsworth, Tova
Bingham, Harriette
Gobert, Glenden
Casford, Rodie
Chilvers, Haslett
Cuthbertson, Florella
Martello, Ara
Sambals, Kaitlyn
Hagergham, Morie
Rougier, Terrie
Minthorpe, Aubree
Krzyzaniak, Percy
Meachen, Bryna
Thurborn, Harli
Druery, Ody
Withey, Bobbie
Moncrefe, Dedra
Beesey, Andy
Vanichev, Marjory
Harvard, Marta
Ionnisian, Jacqui
Carey, Fonz
Flintuff, Robinett
O'Gready, Knox
Agney, Yolanda
Revely, Somerset
Gambell, Elfie
Fyndon, Cori
Simeone, Phillipe
Crumbie, Shaughn
Engledow, Micheline
Beynkn, Alli
Looby, Shaylyn
Barrs, Byran
Olphert, Adolphe
Verbrugge, Kristin
Wroath, Tani
Critchlow, Selby
Ord, Ber
Kitchin, Elsworth
Winkless, Deedee
Gallatly, Janis
Arkley, Gun
Gilderoy, Magdalene
Warratt, Wells
Lown, Claudie
Corah, Crystie
Tousy, Brigitta
Tinton, Hal
Lethardy, Nappy
Fulton, Brana
Cogzell, Shara
Gammet, Nanny
Burrus, Carr
Antognazzi, Kristyn
Rucklidge, Thomasine
Kite, Lucinda
MacNish, Margaux
Elven, Annabell
Di Boldi, Ruthe
Loadman, Lilllie
Ferran, Hally
Olyfant, Abbie
Baline, Homerus
Ayto, Beatrice
Robardey, Erek
Ludwikiewicz, Clo
Gillingham, Matt
Quan, Ruprecht
Gordon-Giles, Angelika
Yaxley, Nonnah
Beldam, Elbertine
Bowkett, Lucas
De Ferrari, Glenden
Ruddoch, Kelsy
Kennion, Lutero
Draycott, Jenna
Beamson, Phyllis
Perschke, Adriana
Grieve, Annetta
Currie, Margie
Cicchinelli, Tabbi
Isaq, Erma
Voules, Gerhardt
Jostan, Kipp
Bridel, Bartlett
Farquhar, Melita
Loughead, Janette
Outibridge, Cully
Baggalley, Maryjo
Scargill, Silvio
Gritton, Pru
Bompas, Andrew
Maddern, Maxy
Leverton, Rois
Caulder, Eugenie
Snazle, Melina
Cleeton, Culley
Snow, Adan
Riccardo, Willetta
Scotcher, Hilary
Fagg, Kylie
Dee, Saxe
Daines, Leila
Scrinage, Cecily
Kirsopp, Rivy
Hellin, Shayne
Bellee, Honey
Lung, Gauthier
Fisher, Hoebart
Kemmons, Wendall
Jekyll, Orran
Grubbe, Huey
Foggo, Brittne
Tryme, Eadith
Simmins, Valencia
Binnie, Vi
Martindale, Jackson
Backsal, Tanny
Perse, Ewell
Osburn, Meagan
Pickett, Celestia
Drains, Delmer
Jephcote, Cesar
Beden, Millard
Yakuntsov, Liesa
Knowlden, Rozamond
Enstone, Richie
Hovie, Jill
Raithby, Corabelle
Nasi, Donn
Cereceres, Marnia
Kavanagh, Nesta
McGrowther, Sasha
Dunkley, Marris
Tavener, Abra
Girardetti, Christi
Cordall, Nester
O'Neill, Tremaine
Lamberti, Udell
Leber, Penny
Northing, Phebe
Tilling, Linette
Babber, D'arcy
Joincey, Zia
Cordey, Gussy
de Aguirre, Kirsten
Hassekl, Baryram
Chapelle, Rowney
Beardall, Edie
Luscott, Cesya
Schwant, Kelsey
Kinig, Hyatt
Boatman, Valenka
Kench, Lynn
De L'Isle, Torie
Beart, Tris
Dreini, Talbert
Budget, Laney
Aikenhead, Mayor
Perot, Juieta
Broadley, Parsifal
MacCollom, Winna
Clouter, Claudianus
Rosenberg, Annamarie
Duce, Sarina
Peealess, Leoine
Huckstepp, Jessika
Lengthorn, Cristionna
Mc Cahey, Barn
Eyers, Bud
Buttrum, Sheryl
Bermingham, Adore
Torbett, Dana
Cushe, Tirrell
Kears, Tova
MacKeller, Devan
Bosomworth, Miran
Werndly, Leontyne
Wixey, Timotheus
Masterton, Kerstin
Lackie, Laverna
Asplen, Parsifal
Issit, Lola
Justis, Annnora
Bean, Chicky
Rought, Lorette
Tailby, Birdie
Mulvey, Bret
Itzig, Lyndy
Iacobassi, Dolly
Terbrug, Tabby
Hoy, Lilias
Coldbreath, Lorna
Rapson, Feodor
Brampton, Philippine
Comettoi, Kinnie
Rocco, Kristel
Creaser, Monro
Traviss, Angel
Westmacott, Evelin
Dumbleton, Emmalee
Asel, Sarge
Whittington, Geri
Bason, Julissa
Garth, Walther
Ewing, Gabi
Torricina, Stirling
Hulme, Hew
Whiffen, Quinn
Sole, Otes
Beverley, Wilow
Rosenbush, Terry
Padbury, Judon
Farryan, Jammal
Glasebrook, Samuele
Cosely, Kristien
Scotchbourouge, Griz
Charon, Hetti
Benedetti, Colin
Burrows, Ludovika
McCathy, Olivette
MacDunlevy, Riordan
Batchelder, Noelyn
Drissell, Nathanil
Rundall, Merv
Marquet, Shurwood
Saipy, Jaime
Woodard, Zita
Callander, Robby
Benoy, Lia
Ebben, Renie
Hammer, Katha
Moraleda, Godart
Drowsfield, Natka
Maciejewski, Ruy
Sussams, Sheilakathryn
Libbie, Halimeda
MacArte, Quentin
Marages, Jaquith
Akenhead, Willabella
Culcheth, Tobias
Doogan, Bessy
Pollicote, Austin
Semour, Robinet
Kittley, Judie
Patinkin, Wrennie
Digle, Sidonnie
Bellew, Sharl
Colthard, Ettie
Cowdry, Redford
Dyke, Piper
Raynham, Sylvan
Messer, Brantley
Ruben, Lucio
Lansdale, Esme
Beddows, Nicholle
Stedell, Geoffry
Yedy, Dannel
Fowles, Corella
Lansly, Rudyard
Lambol, Calvin
Kennally, Carolann
Loftus, Felipa
Dibbert, Jorey
Kilfether, Tim
Chad, Kaela
Forsythe, Doria
Newbigging, Alix
Wetherhead, Pavel
Mulvihill, Randi
Hammill, Brooke
Francello, Otho
McCowen, Izzy
Gethin, Blinnie
Covotti, Everett
Beggini, Frederik
Jewar, Hedy
Codeman, Salaidh
McGougan, Evonne
Harkes, Chiarra
Fowells, Pru
Pilch, Vinson
Danett, Helaine
Orbell, Cole
Catterick, Hurleigh
Sellers, Sophi
Jobke, Nathanael
Satcher, Skye
Fowles, Abie
Harrowsmith, Boniface
Andrew, Leonhard
Longhorne, Klement
Hurndall, Cart
Holbie, Egor
Albrighton, Guenevere
Vyel, Charin
Lemerie, Colly
Winridge, Manfred
Ealam, Kearney
MacAllaster, Audry
Mussared, Moria
Grierson, Rancell
Condy, Willdon
Klimp, Katha
Olfert, Kare
Strangwood, Dallas
Ugo, Josias
Enstone, Garner
Dent, Nealon
Ballendine, Adair
Rime, Maegan
Mollett, Jemimah
Fearn, Karee
Treadwell, Tabby
Swires, Mozes
Bees, Grier
Andrzejczak, Chiquita
Milbank, Irv
Burnand, Murvyn
Gleave, Blondelle
Arundel, Horatio
Escritt, Howey
Melwall, Galvan
Peppard, Chelsy
Gotter, Rennie
Cherryman, Tedra
Krook, Drusie
Browett, Isidora
Bunt, Jerrold
Deas, Mellicent
Turpin, Carl
Romaines, Tanney
Camamile, Wye
Dockwra, Rikki
Briscam, Robbert
Fenby, Anni
Mattiato, Genni
Dargavel, Daren
Sperring, Kimmie
Cragg, Brnaba
Godley, Patrizia
Van Saltsberg, Brett
Segrott, Hermon
Blowin, Rutter
Rain, Christian
Weekley, Tonnie
Cruttenden, Farrand
Batteson, Nye
Doone, Wallas
Franklin, Rhona
Grunguer, Garth
Slowan, Boony
Hacquel, Melosa
Lesly, Amos
Dudhill, Lucien
Stollberg, Alberta
Pridmore, Oren
McClean, Cosme
Isakowicz, Calv
Salatino, Britt
Levin, Sheffy
Enochsson, Elaine
Wallice, Nels
Wildsmith, Cornie
O'Lunny, Juliana
Flintoft, Tris
Cossins, Shelia
Malim, Larissa
Eickhoff, Cybill
Stirgess, Cristian
Syphus, Ewart
O'Sheeryne, Constanta
Kertess, Asher
Rontree, Martynne
Cumberlidge, Kirby
Vatcher, Asher
Boulder, Gerrilee
Posvner, Pascal
Bloodworth, Ursulina
Strognell, Guillaume
Ezzle, Lanni
Raeburn, Hube
Pelz, Marion
Helliker, Frasco
Winsiowiecki, Jerry
Cranfield, Geno
Hawkwood, Laurianne
McCaskell, Melisenda
Chesser, Mata
Wrightham, Broderic
Roderick, Sollie
Lippatt, Mavis
Sapsforde, Tandie
Gilding, Ginny
Bayston, Rickert
Endley, Doe
Keelin, Joela
Cranna, Augusta
Mill, Arlan
MacCaffrey, Meridith
Barry, Dorris
Manley, Vern
Renouf, Alameda
Guyton, Brigid
Rouf, Ody
Goneau, Ferd
Tofts, Erastus
Timmons, Robinetta
Grooby, Winston
Silcox, Claiborn
Heinz, Sky
Dorkins, Sayres
Fenlon, Mireille
Strauss, Lucita
Clousley, Philip
Dawid, Tadeo
Rodenhurst, Korney
Camili, Adda
Spataro, Falito
Waine, Donnie
Cotter, Anni
Torn, Flore
Carous, Seamus
Hedingham, Kyle
Ragdale, Sybila
Valek, Fabio
Miskin, Derwin
Lomasny, Trista
Johns, Drusi
Kennifeck, Brena
Kennedy, Beckie
Scandroot, Jaine
Stebbings, Joell
Cureton, Fayre
Estcourt, Brooks
Senechault, Costa
Inkle, Gloriana
Pakes, Stace
Antic, Sanderson
Weathers, Bart
Ewbanke, Valaria
Scholcroft, Rosemarie
Kindell, Raimondo
O'Keeffe, Esra
Rosser, Robinetta
O' Timony, Gilly
Harte, Ferne
Seyfart, Marlena
Olwen, Rheta
Allsebrook, Brewer
Antoniak, Nessa
Hallitt, Kennan
Norsworthy, Gisella
Shay, Mathian
Phorsby, Jerald
Bolesworth, Candace
Riddiough, Sanford
Deal, Faber
Levet, Auria
Twidell, Rouvin
Norree, Emmott
Codi, Dorice
Newart, Elvina
Barts, Weston
Van Zon, Axel
Sapshed, Lela
Philipeaux, Lynea
Gudgion, Kerrill
Preddle, Meryl
Andryunin, Marcelia
Marquess, Tawnya
Wike, Wendi
Longbone, Livy
Eckersley, Jeana
Sunman, George
Greneham, Coleen
Dawton, Ronny
Hick, Neysa
Ingledow, Mavra
Banfill, Hamid
Jankovic, Nat
Simmance, Donnie
Bremeyer, Yorker
Burnyeat, Felipa
Phateplace, Verge
Rabbatts, Sidonnie
Hammant, Minor
Gianulli, Zerk
McCafferty, Nikolaus
Braznell, Anne
Beccero, Monroe
Maffione, Christin
Ruse, Yardley
Mosdill, Raviv
Pairpoint, Freddi
Dwyer, Aridatha
Trawin, Wendy
Boulds, Eimile
Blader, Humberto
Byrne, Lucille
Heball, Blancha
MacMoyer, Erhart
Hows, Farlee
Gelder, Nichole
Beaver, Ronnie
Paxman, Siegfried
Farfolomeev, Jaime
Carillo, Nonna
Muffen, Barry
Spink, Erny
Boots, Suzie
Boldero, Jessica
Luckham, Janine
Raggles, Lori
Blas, Rex
Wigfall, Blanca
Lowdwell, Brody
Seakin, Nanette
Parffrey, Gerianne
Musgrave, Katuscha
Stothert, Pierce
Mussetti, Carita
Rushforth, Byron
Wannes, Ellissa
Guiot, Demetri
Fibbit, Gabrila
Tolland, Alon
Crosgrove, Norma
Bilsford, Dunstan
Colvill, Rayna
Linstead, Vanna
Munning, Zachariah
McGarvey, Karla
Emmot, Dennet
Robiou, Olivier
Devon, Eben
Arch, Ediva
Paolino, Freddy
Dickin, Lockwood
Kornyakov, Ludwig
Patley, Alec
Bauer, Leslie
Mawdsley, Jillian
Garza, Ingmar
Vaughan, Taber
Plaunch, Boyce
Hambridge, Valenka
Pamphilon, Stanton
Leason, Annabelle
Board, Nevil
Belasco, Bonni
Gantz, Haze
Valde, Brett
Piercey, Courtney
De Angelo, Chere
Frankland, Dody
Pauly, Ferdy
Thirtle, Bonnie
Pizzey, Margarette
Robbins, Avictor
Mastrantone, Elicia
Lorenzo, Lilia
Grigoire, Carr
Kopfen, Marcie
Pafford, Marleen
Heritege, Madelaine
Fernao, Bertrando
Ivanshintsev, Christa
Iacobucci, Rabbi
Airdrie, Ilise
Greeson, Hamil
Stanlick, Bobbie
Newburn, Gustavus
Ceci, Bordy
Grigorescu, Sybyl
Abramchik, L;urette
Crutchley, Moll
Stonhard, Valle
Hanway, Zorine
Ballston, Lanita
Zapater, Theadora
Ather, Willetta
Jacobsz, Christoper
Langforth, Constantina
Sorbie, Ignacius
Gatteridge, Raquela
Heater, Genny
Carverhill, Gwenneth
Miko, Filmer
Pigden, Nicoline
Carlone, Major
MacKowle, Paxton
Maslin, Caldwell
Hasty, Carry
Gleder, Flory
Quantrell, Amie
Adess, Fania
Berthelmot, Daisi
Shepstone, Aguie
Bennike, Rochester
Sawkins, Rebekkah
Gibard, Sholom
Torre, Homere
Labell, Brenna
Lacase, Felicle
Jeannenet, Ruperta
Fley, Eada
de Banke, Alister
Bronot, Claudia
Seals, Ric
Vittet, Della
Wallbank, Delinda
Mouser, Amalee
Harback, Juieta
Foran, Sacha
Barrick, Manolo
Shegog, Jenica
Squibbs, Adriena
Savary, Fran
Kollaschek, Tana
Clough, Tiphanie
Brunsen, Cymbre
Kneeshaw, Tallou
Twoohy, Traci
Le Surf, Stormy
Tibbetts, Brandy
Jarret, Lanie
Nevill, Devinne
Gayforth, Pauly
Scopham, Tina
Fransman, Casandra
Mounsie, Chelsey
Culham, Rebe
Tuohy, Loralie
Banbury, Josee
Halpeine, Elias
Horley, Jorie
Capaldo, Deane
Odell, Fianna
Fazackerley, Barde
Godbold, Helge
Mitchard, Bond
Ludvigsen, Eadith
Mussared, Corilla
Yukhtin, Madelene
Tonnesen, Clementius
Crispe, Vidovic
Markwick, Ulrikaumeko
Haly, Vassili
Di Matteo, Peri
O'Kinedy, Keane
Whithalgh, Celestyn
Berling, Terrie
Willman, Thadeus
Royal, Darius
Sorel, Kelila
Nardrup, Babita
Skivington, Dania
Gartsyde, Selle
Dunbobbin, Adamo
Spire, Sonny
O'Lochan, Jodi
Pieters, Garrik
Copin, Angelico
Dearlove, Kania
Giottini, Julianna
Delepine, Reggi
Wyburn, Patten
Littleton, Samantha
Collet, Shae
Gonoude, Jerrome
Taborre, Gennifer
Knowlman, Dewey
Churchlow, Giusto
Ambrosoni, Corissa
Heller, Emmye
Lude, Gianina
Nolan, Marin
Shine, Kaja
Toulmin, Maynard
de Werk, Mikey
Turpin, Kylen
Dannell, Mill
Vokins, Saunder
Khalid, Alf
Costell, Harwilll
Uttley, Filia
Tidder, Kesley
Gurton, Gill
Drayson, Shoshana
Shankster, Antonin
Haggerwood, Knox
Guiver, Darby
Arnfield, Quintina
Creaser, Godfry
Ancliffe, Fredra
McClory, Waylin
Swyne, Alie
Chesson, Fritz
Stoter, Briano
Godspede, Ricca
Gransden, Vicki
Tape, Cindie
Godmar, Joyann
Noke, Gerik
O'Siaghail, Tull
Luty, Barbaraanne
Peyto, Mohammed
Tryhorn, Barr
Batcock, Gaile
Loomis, Broderic
Corneille, Henrietta
Maypother, Kayle
Merrington, Eddi
Renner, Isak
O'Clery, Wylie
Seegar, Davey
Ilyushkin, Stevana
Dawby, Delores
Poundesford, Joseito
Giovanazzi, Micky
Awin, Pia
Bohlsen, Valaria
Biggin, Clywd
Larver, Thia
Turland, Waylen
Clohissy, Isacco
Nabbs, Gene
Le Noir, Zia
Hartop, Pepito
Busch, Tait
Maccrae, Harmonia
Samples, Emily
Hargreaves, Zollie
Betz, Constantia
Strick, Nollie
Fenby, Fenelia
Darker, Celle
Perren, Anderson
Camamile, Teodoor
Pinks, Claudian
Beneyto, Mercie
Cawsy, Elisha
Guihen, Francisca
Shakspeare, Damon
Ainsworth, Dinnie
Bergin, Husein
Mitchley, Stearn
Jakeman, Jessi
Gingles, Karlyn
Bezants, Min
Wackett, Zebedee
Storer, Cammy
Ventris, Cherish
Leynton, Grazia
Peaurt, Rolf
Gobeau, Ivar
Carolan, Adriane
Fifield, Sullivan
Mackett, Candie
Creane, Raimund
Wieprecht, Abigael
Moxham, Jenni
Breheny, Craggie
Bard, Garey
Starsmeare, Cleveland
Naul, Claudina
Brimman, Stephie
Ayscough, Terrye
Gabbotts, Mariellen
Tofts, Peri
Turnor, Yettie
Tupper, Agna
Clementucci, Susana
Hedditch, Morley
Strathdee, Byron
Gittus, Giacomo
Cummings, Meir
Kief, My
Fridlington, Jakie
Merioth, Minor
Gretton, Alexis
Isaak, Cornie
Fayers, Lacy
Vamplew, Renate
Yellowley, Trumaine
Keerl, Laetitia
O' Mara, Katheryn
Gabala, Mallory
Lippitt, Neils
Arman, Matilde
Menlow, Oralle
Jordin, Jean
Lumm, Kalina
McDonogh, Emelyne
Garms, Cory
McGovern, Rochell
Gecks, Briny
Gogerty, Mora
Ribbens, Konstance
Frantzeni, Mufi
Ruppert, Susanetta
Philbrook, Ly
Burchall, Georas
Jewise, Patrica
Garvagh, Lenci
Bailes, Maryjane
Forster, Ronalda
Domeney, Marline
Sweetenham, Keelia
McCuaig, Dominik
Conibear, Wilhelm
Benaine, Gustavus
Conen, Carree
Mulqueen, Etienne
Battin, Farand
Vittle, Torrie
Sample, Amalee
Wickmann, Irvin
Curner, Jaclyn
Spacie, Hunfredo
Dumke, Janela
Lavens, Gillian
Huggan, Parke
Jentges, Mildred
Breadon, Nevins
Bussetti, Ikey
Kidson, Shane
Tourot, Gae
Bodsworth, Aubry
McLinden, Morgun
Gleeton, Devlen
Toop, Hannis
Joyner, Berna
Bowmaker, Symon
Balasin, Caroljean
Kennewell, Lory
Mc Queen, Rebeca
Enright, Grethel
Shirlaw, Stinky
Bubear, Jobie
Hamlyn, Tresa
Furneaux, Genna
Acaster, Findley
Beden, Lexine
Housbey, Mommy
Gosnoll, Gasparo
Dursley, Marcelia
Shapera, Niven
Few, Herta
Owain, Rozelle
Norrie, Irwin
Goman, Osmond
Houchen, Harri
Terram, Kirbie
Sallier, Thibaud
Daborn, Athena
Halliburton, Kienan
Wakelam, Nil
Greenway, Dacy
Atterley, Benson
McMillan, Gertrudis
Hammerson, Elsey
Josipovic, Stefanie
Jayes, Collen
Gredden, Tallia
Rummings, Glennis
Ludlow, Eleanora
Belsham, Brant
McSkeagan, Emmalyn
Wollen, Iolanthe
Meeus, Rica
Logan, Jennica
Macia, Niel
Selwyne, Leonard
Rubinovitch, Jacquetta
Sancroft, Valle
Kovalski, Karney
Anscott, Bobina
Heake, Zandra
Nan Carrow, Fredelia
Varlow, Broddy
Bencher, Tamma
Godain, Regan
Tomasutti, Nefen
Bockmaster, Phedra
Rabson, Karina
Duerden, Gabi
Zoppo, Niven
Paolicchi, Jeremie
Williamson, Mannie
Linggard, Mireielle
Tee, Mandy
Bauduccio, Anita
Scogin, Curcio
Osmond, Llywellyn
Worgen, Sergeant
Seekings, Elwood
Stower, Veronique
Bonnette, Benetta
Muldoon, Caddric
Chatburn, Casey
Presdie, Cristobal
Kelland, Linet
Eglise, Christan
Folley, Octavius
Royston, Edd
O' Concannon, Gayleen
Gehring, Culver
Herculson, Mariquilla
Laugheran, Chrystal
Jammet, Laney
Dulwich, Portie
Derwin, Allie
Lydford, Tera
Fantham, Riannon
Bruins, Pippo
Wimbush, Caresa
Kolakovic, Tonye
Curlis, Christie
Gerok, Carce
Karys, Sheelah
Achromov, Ikey
Worsfield, Dorey
Varnals, Miguelita
Schorah, Constantina
Van Dijk, Benn
Emtage, Ferdie
Carlens, Bertrando
Resdale, Dennet
Walenta, Denney
Gouda, Doralynne
Luty, Biddy
Creber, Berrie
Waddilow, Florian
Griffin, Maiga
Spatig, Taffy
Napoleone, Thorstein
Rubenov, Doris
Brenard, Damien
Jarrold, Berk
Fuentes, Bobby
Slocumb, Tamarah
Kornalik, Laure
Buddington, Lavena
Kopf, Alasdair
Munby, Talbert
Honig, Tonya
Ioannidis, Brigham
Barwack, Patrica
Joubert, Elisa
Southon, Brucie
Boc, Pammie
Pennoni, Natal
Brimilcombe, Farlee
Brandts, Rogers
Trevithick, Earvin
Lange, Anabel
Blampied, Hilly
Dunseith, Cecilla
Michelmore, Bethina
Murdie, Hersch
Chern, Jarid
Fortye, Mariska
Nelson, Rem
Demaine, Chloette
Odgaard, Forester
Slimings, Candace
Dollin, Petronia
Dunstall, Leontyne
Fredi, Ainsley
Boichat, Stephen
Saunder, Frances
MacKeever, Vilma
Howsam, Chrisy
Richmond, Nedi
Cauley, Deedee
Stannard, Erhard
Benkin, Ealasaid
Bransgrove, Elsinore
Serrurier, Adair
Hawler, Mason
Obeney, Dynah
Beretta, Gunilla
Kimbley, Shoshana
Ashton, Emmalee
Wildman, Solly
Linzey, Paolo
Ghione, Mayor
Stedman, Trent
Powe, Stevana
Winsbury, Annecorinne
Donati, Tatiana
Gentry, Kizzie
Abramovici, Yard
Lundon, Trudi
Pach, Libbi
Guisler, Ignacius
Tudball, Joela
Tummasutti, Teri
Collicott, Darda
Crone, Griffy
Cantor, Larine
Emberton, Erminie
Perrygo, Sydel
Peaseman, Almira
Crack, Tedi
Gait, Marabel
Verbeke, Roda
Glavias, Vilhelmina
Maneylaws, Ulberto
Strattan, Danice
Lackie, Jordana
Crab, Jedidiah
Carty, Galvin
Lyes, Ana
Rhelton, Doy
Dawidowsky, Max
Pail, Averil
Huthart, Ollie
Spenceley, Augusto
Cree, Jenna
Szach, Denise
Nickerson, Manuel
Kuhnwald, Welch
Brunet, Dasie
Churchman, Odell
Tosney, Gannie
Dabner, Theda
Cole, Mort
Audritt, Bunnie
Faulkes, Hansiain
Keningley, Susi
Bumpus, Launce
Gaitone, Babara
Birdwhistell, Kurt
Stables, Lock
Boriston, Rafaellle
McRitchie, Fallon
Scay, Munmro
Enbury, Ferne
Suckling, Maddy
Kenningley, Johnnie
Saul, Maxwell
Papes, Deni
Bonnette, Marcellina
Shore, Christophorus
Eustis, Jesus
Nolleau, Shandra
Hallt, Ainsley
Chopy, Vinson
Wigan, Cary
Forth, Noami
Klouz, Krystle
Turmall, Alano
Shellcross, Revkah
Hubery, Filide
Geraghty, Hilda
Hendrix, Rochette
Dobrowolny, Brennen
Lowers, Renae
Kernock, Melonie
Haldenby, Vaughan
Vellacott, Philippine
Murcott, Flynn
McComish, Jewel
Sute, Madelin
Radnage, Mariana
Dicker, Sholom
Matula, Christoper
Tremollet, Jeanette
Wannan, Roderich
Buesnel, Dara
Stapleton, Jandy
Bestwall, Augie
Gorgl, Kara
Hinkensen, Malachi
Kohnemann, Dorena
Hovard, Analise
Redgrave, Gannon
Bigglestone, Lottie
Methringham, Guenevere
Ovitz, Paquito
Maginn, Terri-jo
Lotwich, Elijah
Lorrain, Yuma
Helliker, Simmonds
Laugheran, Vinny
Gange, Fayre
Nettleship, Stephanie
Maylott, Marven
Dufall, Anastasie
Lombard, Vanny
Matcham, Gwynne
Pechard, Heidie
O'Luby, Robin
Blancowe, Gianina
Tschursch, Agnesse
McGooch, Hanny
Caso, Albrecht
Agiolfinger, Sidoney
Viant, Iain
Massenhove, Laura
Gomer, Gerald
Melson, Rafaello
Keuning, Mae
Ellens, Carin
Bakeup, Tiertza
Hummerston, Priscella
Bonett, Aretha
Spellward, Sanderson
Nockolds, Craggie
Fearney, Haskell
Howton, Sharia
Posten, Simon
Slixby, Harry
Mulrenan, Reuben
Mahony, Lauryn
Swatheridge, Powell
Carder, Albina
Egdale, Gar
Balint, Nisse
Murrey, Timothea
Crilley, Burg
Fellibrand, Kerrin
Ciotti, Clarissa
Edards, Roseann
Biddulph, Fransisco
Loades, Charles
Feld, Glynis
Lisciardelli, Izabel
Masterton, Niki
Cammish, Alfi
Baleine, Alyse
Sandle, Giorgio
Eldrett, Gardie
Akester, Malia
Londing, Merrili
Greenshields, Glenna
Collymore, Ammamaria
Tremouille, Sherwynd
Boshard, Jacquelin
Ludwikiewicz, Kiel
Ellgood, Timmie
Fludder, Keenan
Hollier, Joyann
Goter, Emelen
McDougald, Ashley
Timby, Bobbee
Doumerque, Betteann
Grigoletti, Vaughan
Edinburgh, Vinny
Josh, Marget
Mengo, Hamel
Sarrell, Adam
Revening, Lizzy
Cullimore, Conroy
Grinston, Wilden
Junkin, Sauveur
Bousler, Hazel
Arnholtz, Ruthie
Dovydenas, Leigh
Scarce, Mirabel
Balaisot, Ortensia
Oxe, Irvin
Pressnell, Jodi
Buckby, Deane
Boxell, Merralee
Brahams, Kerk
D'Hooghe, Gabi
Gildersleeve, Jania
Stuchberry, Dosi
Uvedale, Berkley
Feetham, Alla
Phelip, Vin
Nozzolii, Thor
Muldoon, Clemente
Solway, Karolina
Ibbeson, Jon
Clemence, Lisbeth
Janak, Edik
Wegner, Anatol
McGiff, Eduino
Skaife, Inna
Kaesmans, Mattheus
Sleigh, Randy
Casaroli, Karena
Impey, Ivar
Aveson, Alphonso
Shallcross, Brenna
Wallwood, Ivar
Laytham, Ardyth
Wyburn, Valeda
Petrolli, Ingeberg
Newsome, Kain
Poyser, Sophronia
Dooland, Chadwick
Littley, Indira
Whooley, Serena
Cheetam, Genni
Crottagh, Deerdre
Fenge, Maggie
Daburn, Irena
Burdikin, Pauline
Booley, Drusie
Sellner, Gun
Mealing, Elia
Zorzetti, Shelba
Cass, Hayden
Aldgate, Jess
Spire, Rory
Terbrug, Benedicta
Goburn, Falkner
Fallow, Royal
Prettyjohn, Phedra
Cuardall, Tasha
Bastide, Flor
Rosoman, Charmian
Mars, Claretta
Schober, Ronny
Reding, Kimmie
Lyness, Robin
Cavalier, Nikolia
Choupin, Albie
Cargenven, Sansone
Jurasz, Winni
