Abadam, Hadria
A'Barrow, Batholomew
Abbey, Kim
Ablitt, Sarina
Abrahamian, Nydia
Abrahim, Carmencita
Abramchik, L;urette
Abramovici, Yard
Abramowitch, Evangeline
Absolon, Rina
Acaster, Findley
Acaster, Stacee
Accum, Phil
Achromov, Ikey
Ackland, Kellby
Ackwood, Libbi
Acock, Ryan
Acory, Prisca
Acuna, Shamus
Acutt, Dulcy
Adamkiewicz, Robinia
Adao, Jesus
Addams, Augy
Addenbrooke, Marco
Adderson, Gabbie
Adenet, Archy
Adess, Fania
Adin, Alfred
Adkin, Amandi
Adlam, Annabela
Adriaens, Hedvig
Agent, Caz
Agett, Emlyn
Agiolfinger, Sidoney
Agney, Yolanda
Agott, Skipton
Ahrens, Nadine
Aicken, Doralin
Aikenhead, Mayor
Aimson, Aurea
Aingel, John
Ainscough, Danica
Ainsworth, Dinnie
Airdrie, Ilise
Aitken, Herta
Aitkin, Alley
Aitkin, Melany
Akeherst, Marc
Akenhead, Willabella
Akester, Elka
Akester, Malia
Akred, Haroun
Akrigg, Janenna
Alam, Cherilynn
Albrighton, Guenevere
Albury, Tomaso
Aldgate, Jess
Aldrin, Kayne
Aldwick, Ilyssa
Alenikov, Ole
Alenin, Estella
Alesbrook, Cullen
Alesi, Debbi
Algeo, Kelsy
Algore, Star
Alishoner, Katherine
Allanby, Hermann
Allard, Othella
Allender, Stace
Allicock, Laina
Alliker, Wayland
Allinson, Ly
Alliston, Manolo
Allright, Shaylah
Allsebrook, Brewer
Allsep, Adriaens
Altimas, Bennie
Ambrogi, Orson
Ambrosoni, Corissa
Ambroz, Gracie
Ambrozewicz, Roana
Amesbury, Chen
Amiable, Cami
Ancliffe, Fredra
Andreacci, Genovera
Andreas, Kare
Andreasson, Amelia
Andrew, Leonhard
Andrivot, Graehme
Androck, Hailey
Andryunin, Marcelia
Andrzejczak, Chiquita
Angear, Blondelle
Angless, Giorgia
Angliss, Stanwood
Annear, Joceline
Annetts, Jimmy
Anney, Baron
Anscott, Bobina
Anselmi, Sander
Anthes, Karola
Anthona, Cam
Antic, Sanderson
Antognazzi, Kristyn
Antoniak, Nessa
Antoniewski, Kipp
Antosik, Dahlia
Antunez, Marcia
Antushev, Ailey
Anyon, Camey
Applegarth, Brigitta
Applegate, Alexandro
Appleton, Fredericka
Appleton, Violante
Arbon, Jane
Arch, Ediva
Arend, Leeanne
Arguile, Walliw
Argyle, Luciana
Aries, Corena
Arkcoll, Sandi
Arkley, Gun
Arlet, Oberon
Arlt, Emmeline
Arlt, Gunner
Arman, Matilde
Arnaudin, Cherie
Arnfield, Quintina
Arnholtz, Ruthie
Arnke, Andras
Arnow, Ansley
Arondel, Delia
Aronovitz, Arlen
Arrighini, Temp
Arstall, Mickey
Arthars, Averil
Artingstall, Silvia
Arundel, Horatio
Asbury, Niccolo
Asel, Sarge
Ashbe, Stoddard
Ashton, Emmalee
Ashwood, Yolane
Askin, Madeline
Aspenlon, Merrill
Aspinall, Dorey
Asplen, Parsifal
Atcheson, Conroy
Athelstan, Hunter
Ather, Willetta
Attard, Dylan
Atteridge, Tallie
Atterley, Benson
Attewill, Bryan
Attock, Jordan
Attrie, Melvyn
Attryde, Mildrid
Aubrey, Franky
Auchinleck, Kevin
Auden, Marlin
Audritt, Bunnie
Ausello, Abbie
Authers, Nat
Autie, Cal
Auty, Reggis
Aveline, Giffie
Aveson, Alphonso
Avrahm, Lucinda
Avramchik, Kinny
Awin, Pia
Axelby, Frances
Axell, Leroy
Axton, Rutter
Ayer, Barbee
Ayer, Zondra
Aylin, Wyn
Ayscough, Terrye
Ayto, Beatrice
Babber, D'arcy
Babst, Loren
Bachnic, Frankie
Backsal, Tanny
Backshell, Cammie
Baggalley, Maryjo
Bagley, Roze
Bailes, Adan
Bailes, Maryjane
Bainbridge, Adrianne
Bakes, Rachael
Bakeup, Tiertza
Balaison, Victoir
Balaisot, Ortensia
Balasin, Caroljean
Balcon, Milka
Baldacco, Florian
Baldam, Esther
Baldassi, Ginger
Baldick, Ainslie
Baldick, Merell
Baldinotti, Derry
Baleine, Alyse
Balentyne, Sydney
Balfour, Alisha
Baline, Homerus
Balint, Nisse
Ballendine, Adair
Ballston, Lanita
Balwin, Gay
Bamell, Ricky
Bamfield, Simona
Bamlett, Genevieve
Bampforth, Calida
Bampkin, Ban
Banasik, Kelsey
Banbury, Josee
Banes, Boony
Banfield, Elmer
Banfill, Hamid
Bann, Myles
Bannister, Rowe
Bantham, Lotte
Bantock, Ortensia
Banville, Aguste
Banville, Duke
Barbery, Evangelia
Barbey, Leigh
Barczewski, Sidonnie
Bard, Garey
Barfitt, Travers
Barford, Valentin
Barlace, Mauricio
Barnaclough, Tades
Barnwell, Deane
Baroc, Thurstan
Barraclough, Myrta
Barradell, Joye
Barras, Alyson
Barrick, Manolo
Barrs, Byran
Barry, Dorris
Bartell, Victoir
Barter, Reinaldo
Bartlett, Patton
Bartod, Carrol
Bartolomeo, Alard
Bartosik, Linus
Barts, Weston
Barwack, Hussein
Barwack, Patrica
Basire, Buddie
Basire, Jessica
Bason, Julissa
Bastide, Flor
Bastow, Minor
Batch, Tandie
Batchelder, Niki
Batchelder, Noelyn
Batchley, Lorri
Batcock, Gaile
Batham, Ninetta
Batie, Amie
Battaille, Guglielma
Batterton, Brittney
Batteson, Nye
Batthew, Cesaro
Battin, Farand
Battista, Arnoldo
Baudinelli, Waly
Baudone, Amii
Bauduccio, Anita
Bauduccio, Petronille
Bauer, Leslie
Bauld, Vivianne
Baumert, Basile
Baunton, Sarette
Bausor, Anne
Bawden, Hollis
Baynes, Izak
Baysting, Sheelah
Bayston, Ethyl
Bayston, Rickert
Bazylets, Debi
Beade, Dino
Beadell, Barbara
Beaglehole, Lou
Beamson, Phyllis
Bean, Chicky
Beardall, Edie
Beare, Trumann
Bearns, Willis
Beart, Tris
Bearward, Kent
Beatty, William
Beaumont, Ivory
Beaver, Ronnie
Beavors, Margalit
Bebb, Antone
Beccero, Binnie
Beccero, Monroe
Beckett, Ferrell
Becom, Bar
Beddows, Nicholle
Beden, Lexine
Beden, Millard
Bedingfield, Veradis
Beeching, Gerry
Beeck, Red
Beecraft, Mildrid
Beere, Alayne
Beere, Karia
Bees, Grier
Beesey, Andy
Beeswing, Ervin
Begg, Cecil
Beggi, Hart
Beggini, Frederik
Beggio, Abbie
Beig, Rosana
Bein, Torrin
Belamy, Elisha
Belasco, Bonni
Belcham, Phillip
Beldam, Elbertine
Belison, Sib
Bellee, Honey
Bellenie, Delora
Belleny, Fannie
Bellew, Augusto
Bellew, Sharl
Bellhanger, Charlotta
Bellingham, Early
Bellows, Josey
Belmont, Ilsa
Belsham, Brant
Ben, Charla
Ben, Val
Benaine, Gustavus
Bencher, Tamma
Bending, Abran
Bendixen, Salvador
Benedetti, Colin
Benedettini, Kienan
Benedito, Almeria
Benesevich, Leisha
Beneyto, Mercie
Benkin, Ealasaid
Benneton, Flory
Bennetts, Karrie
Benneyworth, Leupold
Bennie, Althea
Bennike, Rochester
Benoy, Lia
Benstead, Adham
Benthall, Valaria
Benyon, Shannen
Benzing, Nevins
Bere, Laurice
Bere, Linea
Beresford, Wat
Beretta, Gunilla
Berge, Lotta
Bergin, Husein
Beri, Gale
Berling, Terrie
Bermingham, Adore
Bernade, Jeno
Bernardelli, Linnell
Bernardot, Artemas
Berndtssen, Jennica
Bernon, Ebeneser
Bernot, Evita
Berrick, Rickert
Berthelmot, Daisi
Berthomier, Wesley
Bertlin, Jeramey
Bertouloume, Karia
Bes, Sammie
Bessant, Enrique
Bessett, Smitty
Bestwall, Augie
Betz, Constantia
Beurich, Lory
Beushaw, Justus
Beven, Kimble
Bevens, Janel
Beverley, Wilow
Bewlay, Jervis
Bewsy, Greg
Beynkn, Alli
Bezants, Brigitte
Bezants, Min
Biaggi, Calypso
Bianco, Bertram
Biasetti, Randy
Biasotti, Winna
Bibb, Robin
Bickerdike, Dennison
Biddlecombe, Reagen
Biddulph, Fransisco
Bidgood, Owen
Bidnall, Tomlin
Bielfeld, Shepherd
Bielfelt, Bourke
Bierman, Esta
Bigadike, Kelila
Biggadike, Thaddeus
Biggin, Clywd
Bigglestone, Abraham
Bigglestone, Lottie
Billows, Gretna
Bilney, Patrizio
Bilsborrow, Phillip
Bilsford, Dunstan
Bimrose, Koralle
Bingham, Harriette
Binnie, Vi
Birchenhead, Erhart
Birden, Winnah
Birdwhistell, Kurt
Birts, Whitney
Bisco, Salomon
Bishell, Lula
Bitchener, Lindi
Blaasch, Wolfgang
Blackater, Carmen
Blackden, Miguela
Blacklawe, Golda
Blackster, Granthem
Blade, Vivian
Blader, Humberto
Bladon, Hana
Blair, Edie
Blakely, Lazarus
Blakeman, Jacob
Blakesley, Brooks
Blamire, Lesley
Blamires, Kass
Blampied, Hilly
Blanche, Grover
Blancowe, Anatollo
Blancowe, Gianina
Blas, Rex
Blasiak, Jilly
Blasiak, Klara
Blasoni, Pen
Blazejewski, Cordy
Blease, Lionello
Bleazard, Lars
Bleesing, Lonnie
Blei, Olin
Bleier, Olive
Bleier, Whitman
Blenkhorn, Arly
Blesdill, Katine
Blezard, Amerigo
Bliben, Cary
Blinde, Caldwell
Blinder, Karla
Blofield, Putnem
Blomfield, Isis
Bloodworth, Ursulina
Blooman, Boy
Blooman, Tracee
Bloss, Larisa
Blowin, Doug
Blowin, Rutter
Bloxsome, Peggy
Blucher, Welsh
Bluck, Violette
Blues, Markus
Blunden, Allegra
Bly, Risa
Blything, Pepita
Boagey, Tori
Boame, Stavros
Board, Nevil
Boate, Justus
Boath, Kurt
Boatman, Valenka
Boc, Pammie
Boc, Trace
Bockmaster, Phedra
Boden, Ellary
Boden, Rici
Bodsworth, Aubry
Boffin, Abra
Boggon, Hazel
Boggon, Reinwald
Bohler, Carey
Bohler, Kamila
Bohlsen, Valaria
Boich, Legra
Boichat, Stephen
Boldero, Jessica
Bolduc, Davida
Bolesworth, Candace
Bolin, Agatha
Bolle, Elfrieda
Bolmann, Eldin
Bolmann, Portie
Bolt, Bar
Bolte, Itch
Bompas, Andrew
Bonafant, Mariska
Bondar, Sarge
Bonde, Anatola
Bonelle, Aldis
Bonett, Aretha
Bonnavant, Kelley
Bonnesen, Eleanore
Bonnette, Benetta
Bonnette, Marcellina
Bonwick, Norine
Booley, Drusie
Boorer, Alister
Boorman, Daniela
Bootherstone, Pacorro
Boots, Dun
Boots, Suzie
Boriston, Humberto
Boriston, Rafaellle
Borrell, Ruggiero
Borwick, Jannel
Boshard, Jacquelin
Bosomworth, Miran
Botfield, Chrisy
Bothen, Maire
Botler, Neile
Bottoner, Kirsten
Boucher, Moss
Boughtflower, Eugenie
Bougourd, Ginevra
Bougourd, Oran
Boulder, Gerrilee
Boulds, Eimile
Bourdon, Lindsy
Bourne, Graham
Bousler, Hazel
Bowich, Dionne
Bowker, Judie
Bowkett, Lucas
Bowland, Esmeralda
Bowmaker, Symon
Bowmer, Rycca
Boxell, Merralee
Boyde, Jacquelin
Boyet, Angus
Boyett, Davin
Boyle, Ariel
Boyn, Merrilee
Boynes, Bartlet
Braban, Katinka
Brabham, Lelah
Bracegirdle, Mathias
Bradman, Eugenius
Bradnick, Nicole
Brahams, Kerk
Braksper, Bernie
Brambill, Leigh
Bramelt, Jaimie
Bramley, Nomi
Bramont, Ealasaid
Brampton, Philippine
Bramstom, Ginnie
Brandts, Rogers
Brannon, Red
Bransgrove, Elsinore
Branwhite, Lorens
Bratchell, Aloisia
Bratchell, Constantia
Braund, Wiatt
Bravey, Noelani
Brawley, Salli
Braybrookes, Karry
Brayn, Michaela
Braz, Jyoti
Brazear, Pavla
Braznell, Anne
Breadon, Nevins
Brechin, Martino
Breheny, Craggie
Breheny, Marlow
Bremeyer, Yorker
Brenard, Damien
Brennen, Ashly
Brenston, Shannon
Bresnen, Diandra
Brettelle, Obadiah
Brewin, Garry
Brewse, Emmalee
Briar, Levin
Bricham, Felicia
Brickdale, Marlena
Bridal, Annabell
Bridel, Bartlett
Bridgewater, Jillian
Brierley, Nissy
Brigginshaw, Beale
Brighouse, Ewan
Brightie, Gretchen
Brigstock, Anitra
Brim, Merill
Brimham, Hube
Brimilcombe, Farlee
Brimman, Stephie
Brinkworth, Arlin
Briscam, Robbert
Briscoe, Cayla
Brisley, Sal
Brisset, Jourdan
Bristowe, Gennie
Brithman, Robbert
Britnell, Gerome
Broadley, Parsifal
Brobak, Roland
Brobeck, Fons
Brodhead, Stanislas
Brodnecke, Flinn
Brokenshaw, Blayne
Bronot, Claudia
Brookwell, Elwood
Broomfield, Jamie
Broomhall, Cyril
Brosio, Hinda
Brosio, Margy
Broszkiewicz, Pierrette
Browett, Isidora
Bruckshaw, Egon
Brudenell, Duke
Bruins, Pippo
Bruna, Dorolisa
Brundall, Harvey
Bruneau, Ezra
Brunelli, Booth
Brunet, Dasie
Brunetti, Laurence
Brunicke, Ross
Brunning, Elliott
Brunning, Katina
Brunsen, Cymbre
Brunton, Daffi
Brushneen, Deonne
Bruton, Patton
Bryden, Laurel
Brydie, Bobine
Bubb, Andris
Bubbings, Matteo
Bubear, Delano
Bubear, Jobie
Buchanan, Courtney
Buckby, Deane
Buckie, Colby
Bucknell, Lynett
Bucksey, Hadria
Buddington, Lavena
Buddock, Lynelle
Budget, Laney
Buesden, Cassondra
Buesnel, Dara
Buggs, Blair
Bulfield, Klarika
Bullcock, Quill
Bumpus, Launce
Bundey, Morgun
Bunt, Jerrold
Bunten, Lyndsie
Burberow, Kettie
Burchall, Georas
Burcombe, Hanson
Burdett, Cody
Burdikin, Pauline
Burgise, Bernard
Burgiss, Fons
Burn, Winona
Burnand, Murvyn
Burnyeat, Felipa
Burrows, Ludovika
Burrus, Carr
Burton, Dorene
Burtwistle, Katti
Burvill, Ann-marie
Busch, Tait
Buscher, Crosby
Buse, Debbie
Bushel, Annamarie
Busse, Edsel
Bussetti, Ikey
Busson, Shani
Bustard, Maridel
Butrimovich, Odelinda
Butteris, Dilan
Buttrum, Sheryl
Buxcey, Dulcy
Buxcey, Welsh
Byard, Janeczka
Byars, Sylas
Byres, Carin
Byrne, Lucille
Cabrer, Fernande
Cafe, Tildy
Cairney, Basilius
Callander, Robby
Callander, Zulema
Caller, Patience
Caller, Sonya
Calles, Ken
Camamile, Teodoor
Camamile, Wye
Camelia, Yehudit
Camies, Chloette
Camies, Hashim
Camili, Adda
Cammis, Diane-marie
Cammish, Alfi
Cammoile, Koren
Camoys, Meriel
Campe, Tani
Campo, Cyril
Canario, Hephzibah
Cane, Byron
Canizares, Gun
Cantor, Larine
Cantwell, Byrann
Canty, Haskell
Capaldo, Deane
Capaldo, Franny
Caplis, Hollyanne
Capper, Donni
Capron, Kyrstin
Capstick, Starlene
Carbry, Roxie
Carder, Albina
Careless, Clemente
Carey, Emelda
Carey, Fonz
Cargenven, Sansone
Carillo, Nonna
Carlens, Bertrando
Carlett, Vania
Carlon, Mariam
Carlone, Major
Carlow, Denise
Carmel, Holly
Carncross, Tades
Carolan, Adriane
Carous, Seamus
Carrabott, Levey
Carrol, Lotti
Cartmale, Mickie
Cartmale, Taber
Cartner, Ephrem
Carty, Galvin
Carverhill, Gwenneth
Casaletto, Galina
Casaroli, Karena
Casassa, Ertha
Casazza, Gearard
Casero, Alia
Casford, Rodie
Cashford, Ashly
Casier, Court
Caso, Albrecht
Cass, Hayden
Casse, Nico
Cassedy, Rosette
Cassell, Brook
Cassimer, Nichol
Castagnasso, Sibylle
Castagneri, Haywood
Castagnet, Israel
Castagneto, Kelila
Castaignet, Sammy
Castard, Artemis
Castellan, Link
Castelot, Alie
Castri, Dmitri
Cathcart, Merrel
Cathel, Derry
Catmull, Ruthann
Catterick, Hurleigh
Cattlow, Keely
Caulder, Eugenie
Cauley, Deedee
Caustick, Arther
Cavalier, Nikolia
Cavan, Xena
Cavill, Rebecka
Cawdery, Godfree
Cawston, Hannah
Cawsy, Elisha
Caze, Aveline
Cecchi, Kelly
Ceci, Bordy
Cereceres, Marnia
Cervantes, Hyacinthia
Chable, Christoph
Chad, Kaela
Chadbourn, Timoteo
Chafer, Thorstein
Chalcot, Pearl
Chalcraft, Richard
Challenger, Raymond
Challicombe, La verne
Challis, Desdemona
Challiss, Midge
Challoner, Lorrin
Chamberlayne, Anthea
Chamley, Waverley
Champley, Archibaldo
Champneys, Jordon
Chancelier, Godwin
Chansonne, Monroe
Chapelle, Rowney
Chaplyn, Benedikta
Chappelle, Lorinda
Chappelow, Kiri
Charge, Wes
Charlton, Rosamond
Charon, Briggs
Charon, Hetti
Charters, Sidnee
Chatainier, Casie
Chatburn, Casey
Chatters, Kliment
Cheake, Obadiah
Cheavin, Anthe
Checketts, Ariadne
Cheetam, Genni
Cheevers, Mick
Chell, Ode
Chellingworth, Jewel
Chern, Jarid
Cherryman, Tedra
Chesser, Mata
Chesson, Fritz
Chesterfield, Vicky
Chestney, Klara
Chestnut, Jamison
Cheverell, Simone
Chewter, Clemmy
Cheyney, Bobbye
Cheyney, Lincoln
Chiddy, Yale
Childers, Nickie
Childs, Minette
Chilvers, Haslett
Chinge, Audre
Chipchase, Adelbert
Cholton, Windy
Chopy, Vinson
Choupin, Albie
Christal, Bobby
Christall, Diena
Christophe, Grete
Christopher, Dee dee
Christopher, Isabelita
Chung, Yvonne
Churchard, Philip
Churches, Robert
Churchlow, Giusto
Churchman, Odell
Ciabatteri, Lucila
Ciccarello, Minetta
Cicchillo, Essie
Cicchinelli, Tabbi
Cicculi, Benji
Cicculi, Reeta
Cicero, Aeriela
Cicerone, Darci
Ciementini, Marje
Cinelli, Tabbatha
Ciotti, Clarissa
Clack, Harp
Clapston, Eugenio
Clarkin, Felita
Claw, Rachele
Clawe, Beatriz
Cleeton, Culley
Clelle, Cortie
Clemence, Lisbeth
Clemendot, Carolan
Clemenson, Aleda
Clementucci, Susana
Cleminshaw, Jonie
Clemont, Inness
Clench, Raffaello
Clere, Lee
Clericoates, Tabby
Clery, Eileen
Cleugher, Eleonore
Clever, Kayle
Clewlowe, Betteanne
Cleynaert, Zelma
Clilverd, Pammie
Clogg, Kirbee
Clohissy, Isacco
Clough, Tiphanie
Clougher, Marley
Clousley, Philip
Clouter, Claudianus
Clowney, Stevena
Clows, Beck
Clowton, Aloysius
Cluatt, Stevy
Cluely, Quinn
Clutton, Florencia
Clyde, Bella
Coales, Sashenka
Coate, Sauveur
Cobbald, Fredi
Cobbald, Hirsch
Cobelli, Garrott
Coburn, Martguerita
Coche, Kikelia
Cockcroft, Joelynn
Cockhill, Lanita
Cockin, Jeanna
Cockley, Winne
Cockling, Fergus
Cockrem, Adel
Cockshott, Belva
Coda, Wendell
Codeman, Salaidh
Codi, Dorice
Codrington, Pearce
Cogzell, Shara
Colbourne, Margareta
Coldbreath, Lorna
Coldtart, Lynna
Cole, Mort
Colhoun, Alon
Collabine, Maggi
Collet, Shae
Colliard, Stinky
Collicott, Darda
Collingwood, Lorelle
Collip, Rycca
Collister, Krystalle
Collumbell, Gusti
Collymore, Ammamaria
Colthard, Ettie
Colvill, Rayna
Cometti, Ber
Comettoi, Kinnie
Comford, Pinchas
Comi, Hilly
Como, Alina
Comusso, Adham
Cona, Nelia
Conachy, Brodie
Condit, Sauveur
Condy, Aymer
Condy, Willdon
Conen, Carree
Conibear, Wilhelm
Conklin, Caspar
Conlon, Linda
Conman, Reginald
Conn, Skell
Connett, Paddy
Connew, Gwenora
Connolly, Muire
Connue, Wilfred
Conradsen, Liv
Considine, Lonnie
Conyers, Chance
Cooke, Zorana
Coopland, Chelsie
Copin, Angelico
Copin, Gabbie
Coping, Della
Coppeard, Bayard
Coppens, Danyette
Corah, Crystie
Corbie, Muffin
Corcut, Lusa
Cordall, Nester
Cordall, Sara-ann
Corday, Davine
Cordeau], Cristy
Cordero, Norrie
Corderoy, Esme
Cordet, Derrik
Cordey, Gussy
Cordrey, Thibaut
Corkell, Arielle
Corneille, Henrietta
Cornelisse, Timmi
Cornhill, Costa
Corp, Heather
Corradengo, Stefano
Corre, Conroy
Corrington, Christophorus
Corston, Gifford
Cortin, Cathryn
Cosely, Kristien
Cosford, Jethro
Cosh, Ermina
Cosker, Vickie
Cossentine, Norry
Cossey, Bren
Cossins, Shelia
Costell, Harwilll
Cotgrave, Kelley
Cotman, Harp
Cotte, Marwin
Cotter, Anni
Cottie, Luigi
Cottingham, Carrissa
Cottom, Beverly
Coucha, Georges
Coucher, Leena
Coughlan, Fannie
Coule, Merrie
Coulman, Angie
Coulson, Athena
Coulston, Whit
Coultar, Gregorius
Coultar, Sammy
Counter, Eberhard
Courtese, Pavla
Cousans, Valentina
Cousens, Berna
Cousens, Grata
Couve, Sharline
Covotti, Everett
Covotti, Lauren
Cowdry, Redford
Cowell, Francesca
Cowherd, Anabel
Coyish, Fae
Crab, Jedidiah
Crack, Tedi
Cracker, Rockie
Cracknall, Tiffanie
Crafts, Kaile
Cragg, Brnaba
Cranfield, Geno
Cranham, Candie
Cranna, Augusta
Crannis, Luigi
Cranny, Jarad
Crasswell, Xenos
Craster, Timmie
Craven, Keelby
Crawford, Mable
Craydon, Malory
Craze, Antons
Craze, Karney
Creane, Raimund
Creany, Fredrick
Creaser, Godfry
Creaser, Monro
Creber, Berrie
Cree, Jenna
Cremen, Charlton
Cresser, Lari
Criag, Natala
Cribbin, Alejandra
Crickett, Atalanta
Crilley, Burg
Crim, Cal
Crinidge, Dorene
Crinkley, Janka
Crispe, Vidovic
Cristobal, Korrie
Cristofalo, Marjie
Cristofvao, Josh
Cristol, Anders
Critchlow, Selby
Crock, William
Crockatt, Cyrill
Crocombe, Roland
Crommett, Farly
Crone, Darill
Crone, Griffy
Cronk, Devan
Croot, Meris
Crosetto, Danell
Crosgrove, Clemente
Crosgrove, Norma
Crossman, Rouvin
Crottagh, Deerdre
Crowch, Yoko
Crowdson, Gweneth
Crowdson, Morganica
Crowdy, Malynda
Crowe, Benedicta
Crowley, Loraine
Crowther, Terrye
Croxon, Karyn
Croydon, Bobbie
Crozier, Bunnie
Crumbie, Shaughn
Crutchley, Moll
Cruttenden, Farrand
Crysell, Livvyy
Cuardall, Tasha
Cudd, Glennis
Cudworth, Joan
Cuerdall, Israel
Cufflin, Holmes
Culbard, Clerkclaude
Culcheth, Tobias
Culham, Rebe
Cullimore, Conroy
Cullon, Germaine
Cullrford, Noelyn
Culwen, Giustina
Cumberlidge, Kirby
Cummings, Meir
Cund, Alica
Cund, Sukey
Cuniam, Heddie
Cunniffe, Keelby
Cunnow, Vannie
Curcher, Corbin
Curedell, Britt
Curedell, Marquita
Cureton, Fayre
Curlis, Christie
Curner, Jaclyn
Curnnok, Emmett
Curnock, Rona
Curnok, Oliviero
Curragh, Tremaine
Currer, Lara
Currie, Kirsti
Currie, Margie
Currier, Therine
Currm, Gregorius
Cursey, Giselle
Cursey, Russell
Curtois, Oren
Curtoys, Jodi
Curwood, Carolan
Cushe, Tirrell
Cuthbertson, Florella
Cutler, Jamal
Cutteridge, Sauveur
Cuxson, Darline
Daal, Deeanne
Dablin, Terrence
Dabner, Theda
Daborn, Athena
Daborne, Tulley
Daburn, Irena
Dace, Bess
Dacey, Derril
Dach, Elysia
Dacke, Wilden
Dadge, Lind
Dael, Whitney
D'Agostini, Kenneth
Daines, Leila
Daines, Shaughn
Daldan, Emlynne
D'Alessandro, Launce
Dalinder, Emmet
Dallin, Judith
Dalling, Maisie
Dalliston, Berny
Dalziel, Elenore
D'Ambrosio, Haley
Damrell, Menard
Dane, Barrie
Danett, Helaine
Danher, Christophorus
Danielis, Janene
Danielot, Powell
Danielovitch, Oby
Danielsohn, Karia
Danielsson, Georgeanna
Danielut, Madeline
Danilin, Harald
Dannell, Mill
Danser, Hobart
Daoust, Tiphani
Daouze, Hatty
Darbon, Ferrel
Dargavel, Daren
Darinton, Frazier
Darker, Celle
Darker, Gage
Darrach, Nero
Darracott, Alphonse
Darrington, Helga
Dartan, Niki
Darwin, Mollie
Dast, Granger
Davage, Henry
David, Deanna
Davidovich, Giffard
Davie, Cassie
Davisson, Artemis
Davitti, Web
Dawby, Delores
Dawid, Tadeo
Dawidowitsch, Lief
Dawidowsky, Max
Dawkes, Nonie
Dawley, Milicent
Dawton, Jamaal
Dawton, Ronny
Dayes, Persis
de Aguirre, Kirsten
de Almeida, Daria
De Angelo, Chere
de Banke, Alister
De Beauchemp, Stefan
De Blase, Gabi
De Brett, Karole
De Bruijne, Kristoforo
De Cruz, Doralin
De Ferrari, Glenden
De Freyne, Delbert
De Gregario, Liz
De la croix, Emmit
De Lasci, Serena
De Lascy, Jenifer
De L'Isle, Euell
De L'Isle, Torie
De Matteis, Wallis
De Souza, Querida
De Souza, Rory
de Werk, Mikey
Deal, Faber
Deamer, Kiley
Deane, Annis
Deane, Emmott
Dearlove, Kania
Dearn, Patrice
Deary, Norah
Deas, Mellicent
De'Ath, Amabelle
Deathridge, Emilio
Dee, Saxe
Deem, Brok
Deener, Juanita
Deer, Jacquette
Deetlefs, Ravi
Defrain, Abbie
Deftie, Faustine
Degoy, Lise
Degue, Cammy
Dehn, Allison
Dei, Dulcia
Deighan, Julita
Deinhardt, Fayina
Dekeyser, Byrann
DelaField, Mozelle
Delamar, Essy
Delepine, Reggi
Delos, Irwinn
Delves, Koralle
Demaine, Chloette
Demangeot, Benson
Demonge, Olly
Demougeot, Sigismundo
Dempster, Lilly
Denekamp, Sosanna
Dengel, Marlene
Denington, Vance
Dent, Nealon
Denty, Malva
Derks, Jess
Derle, Thorstein
Derobert, Ludovico
Derwin, Allie
Deschlein, Maudie
Desport, Symon
Desporte, Emmalee
Devennie, Dulci
Devereu, Nicolais
Devil, Shani
Devo, Mariquilla
Devon, Eben
Devonish, Dorise
Devonshire, Beatrisa
Dew, Sherilyn
Dewett, Vinson
Dewhirst, Keelia
Dey, Lydia
Dhenin, Lorianna
Dhennin, Amaleta
D'Hooghe, Gabi
Di Bartolommeo, Flemming
Di Baudi, Jerrilee
Di Boldi, Ruthe
Di Domenico, Haven
Di Matteo, Giavani
Di Matteo, Peri
di Rocca, Kendall
Dibb, Lind
Dibbert, Jorey
Dibdale, Herbie
Dicker, Jessi
Dicker, Sholom
Dickin, Lockwood
Diehn, Gayle
Digle, Moselle
Digle, Sidonnie
Dillestone, Lucien
Dilrew, Delphinia
Dinesen, Dacey
Dinsale, Chas
Dinsdale, Catlin
Dinsmore, Melony
Disman, Mariam
Djokic, Scottie
Djokovic, Ericka
Dobrowolny, Brennen
Dochon, Dena
Dochon, Lurleen
Docket, Maud
Docksey, Zelda
Dockwra, Rikki
Dodamead, Brittne
Dog, Dael
Doghartie, Mariele
Dohmann, Opal
Dole, Gardy
Doll, Onfroi
Dollar, Phyllys
Dolley, Wallis
Dollin, Petronia
Dolton, Calvin
Domange, Humfrid
Domange, Merralee
Domenc, Merridie
Domeney, Marline
Domenico, Sarette
Dominguez, Carlin
Domini, Tanhya
Dominico, Cyndie
Donaho, Merv
Donati, Tatiana
Dongles, Desmond
D'Onisi, Moyra
Doniso, Westbrooke
Donnan, Kenna
Donner, Della
Doogan, Bessy
Doogue, Kerri
Dooland, Chadwick
Doone, Wallas
Doppler, Lydon
Doran, Nada
Dorkins, Sayres
Dorling, Mayne
Dormer, Trueman
Dorrins, Xever
D'Orsay, Cedric
Dorset, Bee
Dorsey, Sara
Dory, Wenona
Dougan, Martguerita
Douglas, Harley
Doulton, Benito
Doumerque, Betteann
Douthwaite, Ring
Doveston, Kesley
Dovidian, Thelma
Dovydenas, Leigh
Dowbakin, Cristionna
Dowbakin, Reggie
Dowers, Gregorio
Dowle, Anya
Downgate, Rosabella
Downton, Flori
Dows, Louise
Dowse, Claribel
Dowty, Harlen
Doy, Cordell
Doyle, Lilias
Drains, Delmer
Drake, Vicki
Drance, Georgie
Drance, Tracee
Drance, Wash
Drane, Sondra
Dranfield, Lorant
Draycott, Ced
Draycott, Jenna
Drayson, Shoshana
Dreini, Talbert
Drennan, Aili
Dreossi, Sollie
Dressel, Ephrem
Drewell, Kelci
Drewes, Benedicto
Dri, Kaitlin
Driffill, Linnea
Drillingcourt, Korey
Drinkhill, Moore
Drissell, Kenneth
Drissell, Nathanil
Drowsfield, Natka
Druce, Fannie
Druery, Ody
Druitt, Elroy
Drysdale, Meggi
Drysdall, Barney
Du Pre, Dougy
Dubs, Winston
Duce, Sarina
Duchart, Carlynn
Duchatel, Henriette
Dudek, Rivalee
Dudeney, Melisande
Dudhill, Lucien
Dudmarsh, Reagen
Dudmarsh, Silvanus
Dudson, Kyla
Duerden, Gabi
Duetschens, Reinaldos
Dufall, Anastasie
Duff, Hagan
Duffett, Brady
Duffil, Gerek
Duggary, Coral
Duggen, Margret
Duggon, Richardo
Duhig, Krissy
Duhig, Sharon
Duke, Marcel
Duke, Miof mela
Dulwich, Portie
Dulwitch, Fred
Dumbar, Pearle
Dumbleton, Emmalee
Dumbleton, Jaynell
Dumbreck, Siffre
Dumbrill, Nancey
Dumelow, Flory
Dumke, Janela
Dunan, Dilan
Dunbabin, Caleb
Dunbleton, Rosalinda
Dunbobbin, Adamo
Duncklee, Clarabelle
Dungate, Lacey
Dungay, Kristopher
Dunkerly, Darsey
Dunkley, Marris
Dunlap, Moore
Dunlap, Ulises
Dunseith, Cecilla
Dunseith, Corella
Dunstall, Leontyne
Dunster, Ronica
Duny, Brewer
Durbin, Amii
Durek, Elyssa
Durie, Cobb
Durno, Benoit
Dursley, Marcelia
Durston, Casar
Durward, Doti
Dury, Garrard
Dussy, Freddie
Dutnall, Thorstein
Duval, Brina
Dwane, Terry
Dwelling, Ros
Dwyer, Aridatha
Dy, Andee
Dyke, Camey
Dyke, Piper
Dykins, Lukas
Dyment, Brigida
Dymock, Minetta
Dzenisenka, Rhonda
Eadmeades, Mignon
Eagling, Bailie
Eakeley, Koral
Ealam, Kearney
Ealden, Kinna
Easseby, Johnnie
Easthope, Vaughan
Eastop, Giselbert
Eastope, Sianna
Ebben, Renie
Ebbrell, Anneliese
Ebhardt, Jannel
Ebhardt, Joachim
Ecclestone, Dame
Ecclestone, Farica
Ech, Ludwig
Eckels, Simeon
Eckersley, Jeana
Eckert, Sandra
Eckery, Tabina
Edards, Roseann
Edgin, Annabel
Edgson, Rivalee
Edinburgh, Vinny
Edington, Naomi
Edmenson, Granny
Edmund, Irwinn
Edon, Caresse
Effemy, Tiffani
Egdale, Franny
Egdale, Gar
Eglise, Christan
Eickhoff, Cybill
Eidler, Rayshell
Elcomb, Connor
Elcome, Lidia
Eldered, Bartholomeus
Eldrett, Gardie
Elegood, Daven
Eley, Kori
Eliez, Barnabe
Elkington, Lind
Ellens, Carin
Ellgood, Kitti
Ellgood, Timmie
Ellicock, Dot
Ellingworth, Brett
Elphee, Alidia
Elsie, Marji
Elsie, Millie
Elsmore, Salvidor
Eltune, Ricard
Elven, Annabell
Emberton, Erminie
Emblen, Darbie
Emer, Bernadine
Emma, Morse
Emmins, Yoshi
Emmot, Dennet
Emtage, Ferdie
Emtage, Nate
Enbury, Ferne
Enderby, Vonny
Endley, Doe
Endrighi, Berte
Eneas, Trueman
Enever, Toddie
Engledow, Cass
Engledow, Micheline
Enochsson, Elaine
Enrico, Siward
Enright, Grethel
Enstone, Garner
Enstone, Richie
Enterle, Karoline
Enticott, Belita
Eriksson, Viola
Errey, Agosto
Escot, Evonne
Escritt, Heidie
Escritt, Howey
Eslinger, Caria
Espinoza, Kendricks
Esposito, Hakim
Estcourt, Brooks
Etherton, Culver
Etridge, Danila
Etter, Consuelo
Eul, Cosette
Eunson, Elsi
Euplate, Patricia
Eustis, Jesus
Evans, Giorgia
Evason, Hollis
Everest, Gerardo
Everest, Trixi
Everex, Valentijn
Everil, Evanne
Everleigh, Pavla
Everly, Ritchie
Evesque, Jeffrey
Evreux, Sherwin
Ewbanke, Valaria
Ewdale, Florida
Ewing, Gabi
Exton, Lorant
Eyers, Bud
Eyre, Abner
Ezzle, Lanni
Fagg, Kylie
Faherty, Gipsy
Fairall, Addie
Fairchild, Cicily
Fairley, Morry
Fairney, Perry
Fairnington, Ethelred
Faivre, Bernardine
Falconer-Taylor, Karney
Faley, Egan
Falkus, Hyacinthie
Fallow, Royal
Fallowes, Georgena
Fanshaw, Arther
Fanshaw, Burg
Fanshaw, Hilary
Fanshawe, Maryellen
Fantham, Riannon
Fanti, Ferdinand
Fantin, Butch
Fantini, Lannie
Faraday, Allegra
Farady, Tris
Farenden, Blake
Farens, Nikos
Farfolomeev, Jaime
Farguhar, Derry
Farguhar, Krissie
Farland, Osbert
Farmer, Frank
Farndale, Davey
Farndale, Fred
Farndell, Sayre
Farndon, Vilma
Farnell, Sutton
Farquhar, Melita
Farrand, Germain
Farryan, Jammal
Farryn, Brendin
Fasse, Kareem
Faughey, Delilah
Fauguel, Agathe
Faulkes, Hansiain
Fawcett, Oby
Fayers, Lacy
Fayne, Kayle
Fazackerley, Barde
Feaks, Ikey
Fearn, Karee
Fearney, Haskell
Fearnley, Marnie
Feasley, Sheena
Feavearyear, Sabine
Feaver, Chic
Fedorchenko, Katuscha
Feetham, Alla
Feld, Glynis
Feldharker, Godfry
Felgate, Estele
Fellibrand, Kerrin
Felten, Deloria
Fenby, Anni
Fenby, Fenelia
Fenelon, Orsa
Fenge, Maggie
Fenlon, Mireille
Fenna, Shelly
Fenty, Rayshell
Ferencowicz, Juan
Fernando, Cherlyn
Fernant, Berget
Fernao, Bertrando
Fernie, Melisse
Fernyhough, Shellie
Ferran, Hally
Ferrand, Lane
Ferrarin, Norina
Ferrettini, Husain
Ferriby, Roland
Ferro, Neddie
Ferron, Klarrisa
Ferryn, Gabriello
Ferson, Pippo
Fessier, Etan
Fessions, Aldin
Fetterplace, Verile
Few, Herta
Fforde, Emlynne
Fibbings, Cullen
Fibbit, Gabrila
Fiddian, Fancy
Fidgett, Cristionna
Fidian, Gizela
Fieldhouse, Rudyard
Fifield, Sullivan
Figin, Sybilla
Figliovanni, Tootsie
Fildes, Ulrike
Filippazzo, Rudyard
Filov, Joyous
Filyakov, Keelby
Filyakov, Lisabeth
Fincham, Joscelin
Firidolfi, Dore
Firmage, Charlotta
Fisher, Hoebart
Fishly, Vally
Fishpool, Chevalier
Fiske, Garv
Fitkin, Hattie
FitzAlan, Jacques
Fitzgerald, Davidde
Fitzjohn, Adamo
Flahive, Kurt
Flatt, Tudor
Flay, Ronnica
Flecknell, Ephrayim
Flement, Gustavo
Flett, Wilmette
Flew, Starr
Flewan, Cherilynn
Fley, Eada
Flintoft, Tris
Flintuff, Robinett
Flobert, Steve
Flood, Rafferty
Fludder, Keenan
Fluit, Cassi
Flute, Miltie
Flute, Nessi
Foad, Herrick
Fockes, Jerald
Foggo, Brittne
Folley, Octavius
Fontenot, Wallis
Foran, Sacha
Forestel, Carline
Forge, Joye
Formilli, Marlow
Formilli, Patin
Forsbey, Issi
Forster, Ronalda
Forsythe, Doria
Fortey, Juline
Forth, Noami
Fortye, Mariska
Fortye, Miguelita
Fosdick, Tomlin
Fossitt, Adriana
Foster, Brig
Foston, Cary
Foston, Zilvia
Foulks, Ruperta
Fowells, Pru
Fowles, Abie
Fowles, Corella
Foxen, Aloin
Francello, Otho
Francesco, Sander
Francescozzi, Chastity
Francie, Jakob
Francis, Foss
Frankis, Garvin
Frankis, Pascal
Frankland, Dody
Franklin, Juli
Franklin, Rhona
Fransman, Casandra
Frantzeni, Mufi
Frapwell, Archy
Frascone, Westleigh
Fredi, Ainsley
Fredson, Betteann
Freeborn, Teri
Frewer, Clarey
Frichley, Shep
Fridaye, Eden
Fridlington, Jakie
Friel, Melissa
Fuentes, Bobby
Fulbrook, Massimiliano
Full, Jeffie
Fullegar, Nappy
Fullom, Merrili
Fulton, Brana
Fulun, Phyllida
Furbank, Aurie
Furmston, Hammad
Furneaux, Genna
Furness, Christye
Furness, Jourdain
Fursland, Mufinella
Fyldes, Janey
Fyndon, Cori
Fynn, Jereme
Gabala, Mallory
Gabbotts, Mariellen
Gabriel, Kendricks
Gadd, Dasya
Gadesby, Alli
Gadman, Cirstoforo
Gait, Marabel
Gaitone, Babara
Gajewski, Halsy
Galego, Alison
Galego, Angele
Gallagher, Caldwell
Gallamore, Steven
Gallatly, Janis
Gallemore, Woody
Gallienne, Aviva
Gallifont, Barrie
Gallihaulk, Bernice
Gallon, Eal
Gallop, Thaxter
Gallyhaock, Clemente
Gambell, Elfie
Gambie, Zacharia
Gamlyn, Beverlie
Gammet, Nanny
Gammon, Tiff
Gammons, Susann
Ganders, Ulrich
Gange, Fayre
Ganter, Alida
Gantz, Haze
Garber, Hatty
Garland, Quinlan
Garlett, Tonie
Garms, Cory
Garnall, Philipa
Garnett, Camile
Garnsworth, Tova
Garretts, Halimeda
Garrit, Northrop
Garrity, Loy
Garrity, Thorny
Gartell, Gibby
Garth, Walther
Gartland, Biddy
Gartsyde, Selle
Garvagh, Lenci
Garza, Ingmar
Gasnoll, Laural
Gasnoll, Seka
Gatteridge, Raquela
Gave, Tammara
Gawthrop, Stan
Gayforth, Pauly
Gaynes, Buddy
Geare, Sibelle
Geaveny, Pam
Gebbe, Janey
Gecks, Briny
Geely, Darline
Geggie, Perren
Gehring, Culver
Geikie, Walton
Gelardi, Hanna
Gelder, Nichole
Genders, Shermie
Gentile, Zechariah
Gentry, Keeley
Gentry, Kizzie
Georges, Rudolph
Geraghty, Clay
Geraghty, Hilda
Geraldo, Stanislaus
Gerardeaux, Flori
Geraud, Hadley
Gerber, Celisse
Gerhts, Adrea
Gerok, Carce
Geroldi, Matthaeus
Gerred, Kasper
Gethin, Blinnie
Gethin, Chrisse
Gever, Mina
Gheerhaert, Vernice
Ghest, Astrix
Ghidoli, Dorri
Ghion, Biron
Ghione, Mayor
Ghiroldi, Seward
Giacomuzzi, Michel
Giacovazzo, Sheelagh
Giamitti, Linet
Gian, Vanya
Gianasi, Kasey
Giannazzi, Rosa
Gianulli, Zerk
Gibard, Sholom
Gibb, Tim
Gibb, Tyrus
Gibbons, Winne
Gibling, Cal
Giddens, Lombard
Gierke, Cullin
Gilbane, Dionis
Gilderoy, Magdalene
Gildersleaves, Alisa
Gildersleeve, Jania
Gilding, Ginny
Gillcrist, Joete
Gilliat, Guillermo
Gilliland, Emmy
Gillingham, Matt
Gillyett, Siobhan
Gimblett, Raquel
Gingles, Karlyn
Ginie, Gerard
Ginity, Bancroft
Ginner, Monah
Ginnety, Maribeth
Giorgetti, Otto
Giottini, Carolina
Giottini, Julianna
Giovanazzi, Micky
Giovannoni, Renado
Girardet, Aveline
Girardetti, Christi
Girauld, Taryn
Giron, Deeanne
Gittus, Giacomo
Gladbeck, Terri
Gladeche, Nike
Gladman, Cecelia
Glanders, Brantley
Glandfield, Sigmund
Glanville, Petronilla
Glasebrook, Samuele
Glasser, Annamarie
Glavias, Vilhelmina
Glayzer, Benedikta
Gleave, Blondelle
Gleder, Flory
Gledstane, Kristian
Gleeton, Devlen
Glennard, Dode
Glide, Peirce
Glitherow, Huey
Goad, Britteny
Goatcher, Dareen
Gobeau, Ivar
Gobeaux, Winnie
Gobert, Glenden
Goburn, Falkner
Godain, Regan
Godbold, Helge
Goddard, Fiona
Godfray, Mable
Godlee, Carr
Godley, Patrizia
Godmar, Joyann
Godon, Calley
Godrich, Mollee
Godspede, Ricca
Godspeede, Nyssa
Goeff, Jolee
Gogerty, Mora
Goggins, Basilio
Golda, Gerrie
Golden, Buiron
Golder, Gilburt
Goldie, Dacia
Goldin, Ashli
Goldup, Elias
Goley, Carlo
Golthorpp, Kaleb
Goman, Osmond
Gomer, Gerald
Gon, Panchito
Goneau, Ferd
Goneau, Jenn
Gonin, Zarah
Gonneau, Keriann
Gonnel, Branden
Gonnely, Welby
Gonoude, Jerrome
Gontier, Shelbi
Goodale, Georgia
Goodbar, Hamnet
Gooddy, Susann
Goodere, Galven
Goodfellow, Ryan
Goodin, Nonna
Goodluck, Garner
Goodrum, Chantalle
Gordon-Giles, Angelika
Gordon-Giles, Nickolas
Gorgl, Kara
Gornar, Bel
Gorner, Tabbie
Gorrie, Erastus
Gorry, Felecia
Gosnoll, Gasparo
Gossling, Wood
Gotcliffe, Hansiain
Goter, Emelen
Gotliffe, Madelle
Gotter, Rennie
Gouda, Boot
Gouda, Doralynne
Gouinlock, Idell
Goulston, Gradeigh
Gouny, Annecorinne
Gouthier, Blakelee
Govan, Bianka
Gowdy, Phyllida
Gradon, Jillene
Grainge, Clementia
Grainge, Fionnula
Gransden, Vicki
Grassi, Darryl
Gratten, Oren
Grayham, Amalea
Grayne, Osborn
Grealish, Darill
Gredden, Tallia
Greed, Fonsie
Greenhill, Bonny
Greenlies, Mathilda
Greensall, Robbie
Greenshields, Glenna
Greenway, Dacy
Greeson, Hamil
Greeves, Sabrina
Gregorace, Delilah
Gremain, Ysabel
Greneham, Coleen
Grenkov, Regina
Gretton, Alexis
Grierson, Rancell
Grieve, Annetta
Griffin, Maiga
Griffithe, Lilah
Griffoen, Ernest
Grigoire, Carr
Grigoletti, Vaughan
Grigolon, Vita
Grigorescu, Sybyl
Grigorey, Rozanne
Grimestone, Kirsti
Grimshaw, Keriann
Gringley, Corny
Grinnell, Dukie
Grinston, Wilden
Grinval, Aylmar
Grishechkin, Cully
Gristhwaite, Jodie
Gritsaev, Wilbert
Gritton, Pru
Groll, Hanna
Grooby, Winston
Groven, Keary
Grubbe, Huey
Grumble, Michale
Grunguer, Garth
Grunwald, Philipa
Grzesiak, Antonino
Guare, Cyrille
Guarnier, Vanya
Gudgion, Kerrill
Guido, Alvan
Guidoni, Jordanna
Guiducci, Genny
Guiel, Adella
Guihen, Francisca
Guiot, Demetri
Guisler, Ignacius
Guiver, Darby
Gulberg, Nevil
Gull, Margarita
Gullane, Ange
Gullefant, Gloriane
Gullyes, Fredek
Gulvin, Desiree
Guly, Brook
Gun, Kalvin
Gunthorp, Claudette
Gurg, Olly
Gurry, Augustin
Gurton, Gill
Gusney, Brandie
Gut, Tony
Guthrie, Clemens
Guttridge, Vivyanne
Guyan, Dew
Guyton, Brigid
Gwatkin, Faythe
Gwilym, Bertie
Gyorgy, April
Gyse, Emmanuel
Habberjam, Alexa
Habbershon, Isidore
Habbes, Katti
Habble, James
Hablot, Carolann
Hackelton, Elsinore
Hackford, Mollie
Hacquel, Melosa
Hadaway, Robinson
Hadwin, Gabbie
Hafner, Tallie
Hagergham, Morie
Haggerwood, Knox
Haggett, Lovell
Haighton, Stesha
Haile, Raphael
Hairsine, Rosaleen
Haitlie, Darb
Haldenby, Vaughan
Hale, Pauline
Halford, Theodor
Hallan, Horacio
Halliburton, Kienan
Hallitt, Kennan
Halloway, Ami
Hallstone, Charleen
Hallt, Ainsley
Hallward, Else
Hallwell, Jacob
Halpeine, Elias
Halsworth, Sonya
Halvorsen, Abbot
Haly, Vassili
Haly, Waldon
Hambelton, Tallie
Hambridge, Valenka
Hambright, Mycah
Hamlyn, Sully
Hamlyn, Tresa
Hammant, Fayre
Hammant, Minor
Hammatt, Miguel
Hammer, Katha
Hammerson, Elsey
Hammill, Brooke
Hammonds, Shurwood
Hamnett, Rica
Hampson, Jessica
Hamshar, Brice
Hamsher, Sharyl
Hanalan, Christean
Hanburry, Dael
Hancke, Bailie
Handforth, Rudiger
Handley, Feodora
Handling, Gerhardine
Handscomb, Birdie
Handsheart, Arabelle
Hannay, Waly
Hannis, Hynda
Hannum, Sylvan
Hanselmann, Cory
Hansemann, Giffer
Hansemann, Yank
Hansie, Alyse
Hansman, Kimmy
Hanway, Zorine
Hapke, Gypsy
Happer, Minda
Harback, Juieta
Harcombe, Yard
Hardingham, Janek
Hardstaff, Natal
Hargey, Denny
Hargreaves, Zollie
Hargrove, Jay
Harkes, Chiarra
Harlin, Cam
Harlin, Ricki
Harlowe, Chic
Harnett, Madonna
Harpin, Shelia
Harradence, Kent
Harrowell, Lolly
Harrowsmith, Boniface
Harses, Cassandra
Harte, Ferne
Hartop, Pepito
Haruard, Karna
Harvard, Marta
Hasard, Vivian
Hassall, Lavinie
Hassekl, Baryram
Haste, Fay
Hastie, Friedrick
Hastie, Laurianne
Hastin, Waldo
Hasty, Carry
Hatton, Ritchie
Hatz, Josephine
Hauch, Alain
Hause, Horten
Havick, Selestina
Hawking, Hercule
Hawkswood, Hayyim
Hawkwood, Laurianne
Hawler, Mason
Hawtin, Alana
Hayhow, Marwin
Hayley, Dorena
Hayselden, Carry
Hayth, Ly
Haythorne, Cosmo
Hazeldean, Cody
Headingham, Cissy
Heake, Zandra
Heaker, Ashlee
Healy, Brandie
Hearfield, Corrianne
Hearl, Wilona
Hearnah, Eulalie
Hearse, Wallas
Heaselgrave, Janine
Heater, Genny
Heath, Suzanne
Heball, Blancha
Hebburn, Alix
Hedditch, Morley
Hedingham, Kyle
Hegarty, Nickolaus
Height, Harwell
Heindl, Ellyn
Heinsen, Carlynne
Heinz, Kaela
Heinz, Sky
Heinzler, Inglebert
Heistermann, Lou
Heiton, Averell
Heitz, Ruben
Held, Aridatha
Hellens, Tyrus
Heller, Emmye
Helliker, Frasco
Helliker, Simmonds
Hellin, Shayne
Hellmer, Hakeem
Helsby, Perren
Hendrix, Rochette
Hendron, Flemming
Hengoed, Giffer
Henrie, Skippie
Henze, Ailene
Heppenspall, Cybill
Hercules, Darnall
Herculson, Mariquilla
Herion, Abby
Heritege, Ailey
Heritege, Madelaine
Herkess, Nell
Herley, Rock
Hesser, Mercedes
Hew, Shanie
Hewell, Tamma
Hewins, Merrie
Hewkin, Ula
Heyball, Norah
Hick, Neysa
Hickisson, Chas
Hicklingbottom, Zaneta
Higgen, Nerty
Hindmoor, Jill
Hindmoor, Leeanne
Hinken, Lorianna
Hinkensen, Malachi
Hinstock, Otto
Hinstridge, Casey
Hiscocks, Corry
Hiscoke, Bidget
Hobbert, Daloris
Hoggan, Kenna
Holbie, Egor
Holcroft, Orville
Holdren, Barby
Holley, Justen
Holley, Rachel
Hollier, Joyann
Hollows, Nolan
Holmyard, Florry
Holtum, Herve
Honig, Tonya
Hoppner, Monika
Horley, Jorie
Horsburgh, Dorthy
Horsell, Clarisse
Hosby, Emelen
Houchen, Harri
Houliston, Lotte
Hounsham, Archaimbaud
Housbey, Mommy
Housecroft, Marlyn
Hovard, Analise
Hovie, Jill
Hovy, Sybille
Howells, Etheline
Howlett, Percival
Hows, Farlee
Howsam, Chrisy
Howton, Sharia
Hoy, Lilias
Hrihorovich, Bear
Hrihorovich, Winfield
Hubery, Filide
Huckstepp, Jessika
Huckster, Juan
Huddle, Shelden
Huddles, Allsun
Hugett, Holmes
Huggan, Parke
Hughland, Olive
Hughlock, Turner
Hugonet, Meredith
Hulatt, Titos
Hullins, Elga
Hullyer, Gradey
Hulme, Hew
Human, Cate
Humm, Gleda
Hummerston, Bentley
Hummerston, Priscella
Hun, Lianne
Hunnisett, Nickolai
Hunt, Denise
Huntriss, Ashlan
Huot, Flo
Hupe, Edin
Hurdiss, Manfred
Hurle, Uriah
Hurler, Madalyn
Hurndall, Cart
Hurt, Ursula
Hutchence, Fae
Hutchinson, Kittie
Hutfield, Alyosha
Hutfield, Sutherland
Hutfield, Tiffanie
Huthart, Ollie
Hutt, Aldric
Huyhton, Tildy
Hyatt, Zaneta
Hyde, Agnola
Hymor, Allie
Iacabucci, Godfree
Iacobassi, Dolly
Iacobucci, Rabbi
Iacomettii, Holt
Iban, Gale
Ibbeson, Jon
Ibert, Dulci
Ickovici, Cassie
Ickovicz, Wakefield
Idenden, Heall
Iggo, Cristionna
Iglesiaz, Rosalyn
Ilieve, Dave
Illyes, Skip
Ilyinski, Lucian
Ilyuchyov, Sharlene
Ilyuchyov, Vivienne
Ilyushkin, Stevana
Imlen, Frederigo
Impey, Ivar
Impy, Graig
Inger, Laurence
Ingledow, Mavra
Inglefield, Hester
Inglesant, Gregory
Inkle, Gloriana
Innerstone, Tremaine
Innwood, Judah
Ioan, Celka
Ioannidis, Brigham
Ionnisian, Jacqui
Ioselev, Inna
Ipsley, Gare
Irce, Phillip
Irlam, Robenia
Irnys, Wright
Irvine, Alidia
Isaak, Cornie
Isaaksohn, Lenna
Isakowicz, Calv
Isaq, Erma
Isgate, Izabel
Ishak, Salome
Issit, Lola
Itzig, Lyndy
Itzkovici, Doris
Itzkowicz, Luciano
Iuorio, Elinor
Ivanishev, Garrik
Ivanshintsev, Christa
Ivanuschka, Wilma
Ivashechkin, Kati
Ivashnikov, Geoffrey
Ive, Torrin
Ivermee, Ezekiel
Ixer, Englebert
Izhak, Bambie
Jackett, Rhianon
Jackling, Cary
Jacks, Ermin
Jacobsz, Christoper
Jacop, Micheline
Jados, Lew
Jaggers, Kip
Jago, Timofei
Jakeman, Jessi
Jakoub, Dilan
Jammet, Laney
Janak, Edik
Jane, Eddie
Jankovic, Nat
Janoschek, Oralie
Janout, Tamara
Janovsky, Nedda
Jansen, Erskine
Jaquemar, Meyer
Jaquet, Addy
Jarret, Lanie
Jarrold, Berk
Jaskiewicz, Vittoria
Jaskowicz, Ross
Jay, Kimmy
Jayes, Collen
Jays, Shirlee
Jeacop, Kristopher
Jeandin, Gillian
Jeannenet, Ruperta
Jearum, Giustino
Jeffcoat, Sheilah
Jehan, Arnie
Jekyll, Orran
Jelf, Basile
Jendrusch, Judd
Jendrusch, Shea
Jenik, Zsazsa
Jenkerson, Chancey
Jennemann, Linus
Jennens, Kirsti
Jensen, Chrotoem
Jentges, Mildred
Jephcote, Cesar
Jerdein, Nancee
Jermyn, Gilburt
Jerosch, Inigo
Jersch, Alaine
Jerwood, Nertie
Jeschner, Riva
Jeskins, Bobbee
Jest, Lynnelle
Jeste, Ann
Jewar, Hedy
Jewise, Patrica
Jezzard, Charin
Jickells, Dorey
Jiggen, Nap
Jilkes, Nerte
Jimpson, Marj
Jiracek, Ester
Joanic, Humfried
Jobbings, Arnaldo
Jobke, Lucien
Jobke, Nathanael
Joder, Grazia
Jodrellec, Natka
Johann, Gloriane
Johansson, Tailor
John, Demetria
Johnigan, Jill
Johns, Drusi
Joincey, Rose
Joincey, Zia
Jonas, Robinson
Jorczyk, Vidovik
Jordin, Jean
Jorissen, Beverly
Josefs, Cesya
Joselevitz, Nickey
Josh, Marget
Josipovic, Stefanie
Jostan, Kipp
Jouaneton, Laurel
Joubert, Elisa
Joubert, Mariele
Jouhandeau, Ole
Jouning, Enrica
Joyner, Berna
Jozsef, Morey
Judge, Charmaine
Judson, Phillipe
Jumeau, Mady
Jumel, Roldan
Jumont, Krystyna
Junifer, Oliviero
Junkin, Sauveur
Jupp, Quintina
Jurasz, Winni
Jurkowski, Amitie
Justis, Annnora
Kaesmans, Mattheus
Kaines, Ward
Kalberer, Winslow
Kalinowsky, Aylmer
Kalkofer, Francesco
Kalvin, Crichton
Kamena, Mariya
Kamiyama, Curtice
Kann, Andra
Karczinski, Elsa
Karlicek, Norah
Karlolczak, Nealon
Karys, Sheelah
Kasparski, Greg
Kavanagh, Luce
Kavanagh, Nesta
Kaysor, Maximilien
Kearns, Flory
Kears, Tova
Keates, Ephraim
Keddey, Valery
Keddy, Aloysia
Kedge, Melody
Keech, Dav
Keelin, Joela
Keen, Wanda
Keenan, Lorene
Keepin, Osbourn
Keerl, Laetitia
Keggins, Porty
Keir, Konstantine
Kelcher, Blakelee
Kell, Wyatt
Kelland, Linet
Kelle, Phil
Kellie, Zahara
Kemer, Olav
Kemmons, Wendall
Kempshall, Xymenes
Kempson, Gianina
Kempton, Griz
Kemster, Townie
Kench, Lynn
Kendal, Conchita
Kender, Antonie
Kenealy, Rori
Kener, Sheppard
Keningley, Susi
Kennally, Carolann
Kennally, Erna
Kennard, Merrilee
Kennedy, Beckie
Kennewell, Lory
Kennifeck, Brena
Kenningham, Claudetta
Kenningley, Johnnie
Kenningley, Josefina
Kennington, Gerti
Kennion, Lutero
Kensy, Noel
Kenworthy, Luella
Kenyam, Emlynne
Kernock, Melonie
Kertess, Asher
Kerwick, Julianna
Ketley, Selma
Kettley, Kaylyn
Kettridge, Agneta
Keuning, Mae
Keuning, Nathan
Keyworth, Rurik
Khalid, Alf
Khalid, Cecile
Khilkov, Cybil
Khosa, Ezequiel
Kiddell, Bellanca
Kidson, Shane
Kief, My
Kienzle, Alfonso
Kiezler, Bellina
Kighly, Brandyn
Kilbey, Katuscha
Kilfether, Tim
Kilgallen, Lance
Killelay, Rodney
Killick, Shelton
Kilpatrick, Whitaker
Kilsby, Lucias
Kilshall, Milissent
Kimbley, Shoshana
Kimmins, Kearney
Kincey, Kendal
Kindell, Raimondo
Kingcott, Leighton
Kingett, Bartolemo
Kingshott, Linoel
Kingshott, Raeann
Kington, Cass
Kington, Faustina
Kinig, Hyatt
Kinkead, Liliane
Kinker, Bibbye
Kinleyside, Fabian
Kinnerley, Gwenora
Kinnin, Waylen
Kinver, Ad
Kinzett, Rae
Kirsche, Ronica
Kirsopp, Rivy
Kitchaside, Evangeline
Kitchenman, Daria
Kitchin, Elsworth
Kitchingham, Averyl
Kite, Lucinda
Kitlee, Mercy
Kitley, Herschel
Kitter, Jonathan
Kittles, Kristan
Kittley, Judie
Kittman, Brena
Klainer, Jocko
Klehn, Rivy
Kleingrub, Orsola
Klementz, Marshall
Kliemann, Joann
Klimecki, Barbe
Kliment, Roger
Klimp, Katha
Klimshuk, Megan
Klossmann, Dorree
Klouz, Krystle
Kmieciak, Tyrone
Kneeshaw, Tallou
Knoller, Adolpho
Knowlden, Rozamond
Knowller, Grier
Knowlman, Dewey
Kobera, Meade
Kobieriecki, Hewe
Kobpac, Elmira
Kohnemann, Dorena
Kolakovic, Tonye
Kollaschek, Tana
Konert, Archy
Konert, Carmelita
Kopf, Alasdair
Kopfen, Marcie
Kopfen, Modestia
Kornalik, Laure
Korneev, Barclay
Kornousek, Jacinta
Kornyakov, Ludwig
Koubek, Curtis
Kovalski, Karney
Kovalski, Tull
Kramer, Phil
Kreber, Jordanna
Krochmann, Beverie
Kroll, Craggie
Krook, Drusie
Krzyzaniak, Percy
Kubasiewicz, Marcos
Kubatsch, Byrle
Kubczak, Rosemary
Kubera, Lavina
Kubicki, Keene
Kubin, Alys
Kuhn, Amalle
Kuhne, Thibaud
Kuhnwald, Welch
Kullmann, Blanca
Kunes, Myer
Kures, Oriana
Kwietak, Anna-maria
Kybert, Teresita
Kynson, Gualterio
Kynson, Julietta
Kynston, Ahmed
Kyston, Victoir
Kyte, Odele
La Vigne, Kimberlee
Labell, Brenna
Lacase, Elijah
Lacase, Felicle
Lackie, Jordana
Lackie, Laverna
Lackmann, Elissa
Laden, Ellene
Lafay, Miquela
Lago, Orella
Laherty, Breanne
Lahive, Delbert
Laidlaw, Jasmine
Laingmaid, Gardie
Lakin, Kale
Lamartine, Laryssa
Lambal, Enid
Lamball, Ric
Lambden, Whitney
Lambert, Norby
Lamberti, Udell
Lambol, Calvin
Lamcken, Ursala
Lammertz, Riordan
Lampart, Izabel
Landis, Pollyanna
Lange, Anabel
Langforth, Constantina
Langhor, Adrian
Langhorne, Archie
Langlois, Julita
Langman, Regen
Lanigan, Gaven
Lansdale, Esme
Lansly, Rudyard
Lantaph, Jarib
Lante, Lorne
Lanyon, Deeanne
Lappin, Filippa
Lapthorne, Bernice
Large, Camille
Larkin, Ofilia
Laroze, Andria
Larrington, Dorian
Lars, Meredithe
Larvent, Colin
Larver, Thia
Lassell, Kristoforo
Lathee, Rodina
Lathleiff, Michel
Latliff, Gregoire
Lauderdale, Mortie
Laugheran, Chrystal
Laugheran, Vinny
Laughrey, Moore
Laughrey, Nance
Lavalde, Ermengarde
Lavelle, Kayne
Laven, Kylynn
Lavens, Gillian
Laverock, Ban
Laverty, Saleem
Lavery, Henriette
Lavrick, Dorri
Lavrinov, Lindsy
Lawday, Barret
Lawden, Vernen
Lawleff, Malynda
Lawlings, Dedie
Lawtey, Dalt
Lawther, Tann
Laxson, Hamel
Lay, Jannel
Layborn, Dyanna
Laytham, Ardyth
Le Grice, Christophorus
Le Noir, Zia
Le Surf, Stormy
Leach, Alane
Lean, Oswald
Learmount, Nerty
Leason, Annabelle
Leber, Penny
Lecordier, Justis
Ledram, Debbie
Ledram, Nady
Leeburne, Murvyn
Leffek, Aylmer
Lefort, Arel
Lefridge, Christel
Lehr, Elinor
Lehr, Meaghan
Leidecker, Nathanael
Leighfield, Bernhard
Leindecker, Skyler
Lemerie, Colly
Lemerie, Doe
Leney, Theodosia
Lengthorn, Cristionna
Lenham, Wilden
Lenox, Pincas
Lenox, Warren
Lepick, Charla
Leport, Nicky
Lerer, Marjorie
Lergan, Madlin
Lesly, Amos
Lethardy, Nappy
Lethlay, Patrick
Leverton, Rois
Levesque, Zilvia
Levet, Auria
Levi, Mose
Levin, Sheffy
Lewendon, Bertine
Lewis, Rickie
Leyborne, Yolane
Leynton, Grazia
Leyshon, Armstrong
Leyson, Sande
Lias, Melosa
Libbie, Halimeda
Licari, Barret
Licciardiello, Marjory
Liddell, Elane
Liddington, Salvidor
Lideard, Hastie
Lidgerton, Tabina
Lidgertwood, Care
Lie, Georgette
Liepins, Helge
Life, Uriel
Ligerton, Christabel
Liggons, Perla
Lightbowne, Dulcia
Lighterness, Ezri
Liles, Paul
Lilion, Odell
Lindman, Romeo
Lindner, Norina
Lindroos, Ingra
Linggard, Mireielle
Lingley, Karine
Linguard, Noland
Lingwood, Sibilla
Linham, Neille
Linne, Amandy
Linstead, Vanna
Linzey, Paolo
Lippatt, Mavis
Lippitt, Neils
Lisamore, Arabelle
Lisciardelli, Izabel
Liston, Kameko
Litt, Zachary
Littleton, Samantha
Littley, Indira
Loades, Charles
Loadman, Lilllie
Loadwick, Jacklin
Locker, Dania
Lockhurst, Loren
Lodden, Noam
Lodder, Barnaby
Lodder, Fey
Loding, Kippar
Loftus, Felipa
Logan, Jennica
Logg, Darleen
Logue, Pierrette
Lohmeyer, Nert
Lomansey, Antonia
Lomasny, Dunn
Lomasny, Trista
Lomax, Priscella
Lombard, Vanny
Londing, Merrili
Lonergan, Victor
Longbone, Livy
Longhorne, Klement
Longmead, Jenna
Longmore, Ellery
Longridge, Helen-elizabeth
Looby, Shaylyn
Loody, Tadio
Looks, Nance
Loomis, Broderic
Loosley, Evangeline
Lorenzo, Lilia
Lorking, Glori
Lorkins, Brena
Lorrain, Yuma
Lorriman, Ceciley
Losty, Perl
Lothlorien, Symon
Lotwich, Elijah
Louden, Cathee
Loudian, Phillip
Loudiane, Jonah
Loudwell, Antonetta
Loughead, Janette
Loughead, Paulie
Lourens, Kort
Lovart, Talbot
Loveguard, Gerardo
Lovejoy, Foss
Lowdwell, Brody
Lower, Torey
Lowers, Renae
Lowery, Malena
Lowis, Kalle
Lowman, Emmery
Lown, Claudie
Luberti, Blondie
Luckham, Janine
Lucus, Noak
Lucy, Jeffie
Lude, Gianina
Ludlem, Ilario
Ludlow, Eleanora
Ludvigsen, Eadith
Ludwikiewicz, Clo
Ludwikiewicz, Kiel
Lugard, Goraud
Lukes, Deeanne
Lumb, Wolfgang
Lumm, Kalina
Lundon, Trudi
Lung, Gauthier
Luscott, Cesya
Lutman, Webster
Luty, Barbaraanne
Luty, Biddy
Lyard, Roth
Lyddiatt, Ruby
Lyddy, Lolita
Lydford, Tera
Lydiard, Carleton
Lyes, Ana
Lyness, Robin
Lynnitt, Mace
Lyptrit, Bordie
Mabbitt, Terrell
Mableson, Dennie
Mably, Athene
MacAleese, Carlyn
MacAllaster, Audry
MacAllester, Petunia
Macari, Nefen
MacArte, Quentin
MacCafferty, Sisile
MacCafferty, Yolanda
MacCaffrey, Meridith
MacCarrick, Valle
MacCaughen, Bernita
Macci, Benjamen
MacCollom, Winna
MacConnell, Chelsy
MacCosty, Johnna
MacCrachen, Maxy
MacCracken, Dannye
Maccrae, Harmonia
MacDonagh, Lorri
MacDougal, Madeline
MacDunlevy, Riordan
MacEntee, Sacha
MacGaffey, Vonnie
MacGahey, Lexis
MacGauhy, Connie
MacGeffen, Jacquenetta
MacGillivray, Karlen
MacGinney, Alvin
Macia, Niel
Maciejewski, Ruy
MacIlriach, Barnaby
Maciocia, Dinah
Mack, Auberta
MacKain, Cecil
MacKeever, Vilma
MacKeller, Devan
Mackett, Candie
MacKnocker, Kipp
MacKowle, Paxton
Mackriell, Rodolph
MacMarcuis, Zolly
MacMenamie, Sarah
MacMickan, Lindy
MacMoyer, Erhart
MacMurray, Pippo
MacNair, Cobby
MacNair, Jens
MacNish, Margaux
MacPhaden, Edouard
MacSkeaghan, Violetta
MacTrustam, Karoly
MacWilliam, Cam
Madden, Kristian
Maddern, Maxy
Madelin, Davidson
Madelin, Gerrilee
Madrell, Constantin
Maestrini, Cyb
Maestrini, Sibylle
Maffione, Christin
Maginn, Terri-jo
Magnus, Tobye
Magowan, Harrie
Mahody, Gui
Mahony, Lauryn
Maidens, Lindsey
Maile, Burgess
Maile, Loria
Makepeace, Der
Malam, Carlotta
Malarkey, Mackenzie
Malcher, Edita
Maleham, Laurel
Malim, Larissa
Maling, Archibold
Malletratt, Gaylor
Mallows, Alon
Maloney, Magdalen
Maloney, Nevil
Maltster, Arni
Malyon, Barnie
Manchett, Walker
Mandal, Blakeley
Maneylaws, Ulberto
Mangam, Jdavie
Manifould, Milton
Manley, Vern
Manns, Marco
Mansell, Ev
Manshaw, Charmane
Mantione, Zora
Manuaud, Broderic
Mapplethorpe, Vladimir
Marages, Jaquith
Marages, Jenni
Marchenko, Vitia
Marcq, Hayyim
Mardoll, Valentine
Marfield, Claudian
Mariolle, Jamaal
Marjoribanks, Clarette
Markham, Beltran
Markwell, Gerri
Markwick, Ulrikaumeko
Marlin, Thurston
Marnane, Oralee
Marquand, Carleen
Marquess, Tawnya
Marquet, Shurwood
Marquez, Sandye
Mars, Claretta
Marsden, Cathi
Martel, Georgianne
Martell, Norbert
Martello, Ara
Martindale, Jackson
Martinelli, Jilleen
Martinuzzi, Giuditta
Martschik, Jenica
Maruska, Halie
Maryan, Alfreda
Marzellano, Bradney
Masi, Desiree
Maskelyne, Tatiana
Maskill, Myrah
Maslin, Caldwell
Masse, Faber
Massenhove, Laura
Masseo, Arlee
Masterton, Kerstin
Masterton, Niki
Mastrantone, Elicia
Matcham, Gwynne
Mateescu, Kendall
Matevosian, Dominic
Matevushev, Ermanno
Mathe, Ella
Mathiassen, Lilyan
Mathieu, Fawnia
Mathissen, Aretha
Mathou, Fancie
Matignon, Darby
Mattedi, Kain
Mattek, Hilary
Matthai, Madelon
Mattheissen, Lindie
Matthessen, Madlin
Mattiato, Genni
Mattielli, Izaak
Mattiessen, Ulrich
Mattingley, Ruthann
Mattschas, Aldis
Mattussevich, Veronique
Matula, Christoper
Matus, Fayre
Matuszkiewicz, Haley
Matuszynski, Wilmar
Maudlin, Haydon
Mawdsley, Jillian
Maxfield, Amie
Maxfield, Renelle
Maxsted, Pavia
Maycey, Costanza
Mayer, Emalee
Mayer, Ludwig
Maylott, Marven
Mayou, Juditha
Maypother, Kayle
Mayze, Meggi
Mc Cahey, Barn
Mc Grath, Dael
Mc Queen, Rebeca
McAdam, Maddie
McAlarney, Shaw
McAreavey, Gaye
McAsgill, Jessika
Mcasparan, Geralda
McAuliffe, Glori
McBlain, Granger
McCafferty, Nikolaus
McCague, Garret
McCaskell, Melisenda
McCathy, Olivette
McClean, Cosme
McCleary, Gabie
McCleod, Town
McClory, Waylin
McClurg, Guinna
McComish, Jewel
McCowen, Izzy
McCuaig, Dominik
McCulley, Moll
McCuthais, Sashenka
McDonell, Courtnay
McDonogh, Emelyne
McDougal, Calhoun
McDougald, Ashley
McFadyen, Hiram
McGarahan, Nial
McGarry, Brooks
McGarvey, Karla
McGaughay, Therese
McGeachie, Legra
McGeffen, Dylan
McGiff, Eduino
McGillivrie, Godwin
McGillreich, Leupold
McGinnis, William
McGooch, Hanny
McGorman, Barrie
McGougan, Evonne
McGovern, Rochell
McGrah, Seth
McGrowther, Sasha
McGuff, Anitra
McHaffy, Larina
McHale, Judith
McHarry, Augusto
McHarry, Dede
McHugh, Duke
McIlmorie, George
McIlreavy, Fiorenze
McIlriach, Barbara
McIlwraith, Zoe
McInerney, Lindy
McIvor, Devin
McIvor, Evaleen
McJerrow, Germayne
McKeand, Ethelbert
McKeating, Clare
McKernon, Karisa
McKiddin, Hymie
McKimm, Maribelle
McKinna, Lorraine
McKniely, Loni
McKune, Gail
McLagain, Conant
McLauchlin, Broderic
McLinden, Morgun
McMillan, Gertrudis
McMillan, Penny
McMurthy, Trixie
McMurty, Agnes
McNee, Archie
McNeish, Zea
McOwen, Violette
McParland, Bobbie
McPheat, Crosby
McPhillips, Clyve
McQuaide, Emma
McQuarter, Jacinthe
McQuillan, Willi
McQuode, Zollie
McRae, Reinaldo
McRitchie, Fallon
McShirrie, Gusti
McSkeagan, Emmalyn
McSparran, Elianora
McTrustrie, Trenton
McTurlough, Shaylyn
McVee, Shannan
McVitie, Malena
McVitty, Daphne
McWard, Phylys
Meachan, Rebeka
Meachen, Bryna
Meader, Vanna
Mealing, Elia
Measom, Henryetta
Measor, Nissa
Medcalfe, Winfield
Meek, Gothart
Meese, Goldie
Meeus, Rica
Meggison, Joice
Meiningen, Hermine
Meininking, Elysia
Melby, Glenine
Meldon, Merle
Melody, Christen
Melross, Raoul
Melson, Rafaello
Melwall, Dorella
Melwall, Galvan
Mence, Derby
Meneghelli, Hubie
Menego, Wilow
Menendez, Vincents
Mengo, Hamel
Menichi, Dacy
Menloe, Merla
Menlow, Oralle
Mennell, Alastair
Meredith, Lynda
Merigeau, Retha
Meriguet, Winnie
Merioth, Minor
Merit, Lindsay
Meriton, Torin
Meriton, Zita
Merrall, Babbie
Merrington, Eddi
Merriton, Sosanna
Merrywether, Milt
Mersey, Herrick
Mertin, Lanny
Messer, Brantley
Messier, Burnaby
Metheringham, Heather
Methingam, Vasilis
Methringham, Guenevere
Metzing, Cassondra
Mewis, Stearn
Mibourne, Bone
Michelmore, Bethina
Michurin, Kyle
Middas, Flss
Midford, Quentin
Midghall, Thomasina
Mignot, Fanchon
Miko, Filmer
Milazzo, Alasdair
Milbank, Irv
Milbourne, Damian
Mill, Arlan
Millbank, Maurise
Millett, Nonie
Millichap, Christophorus
Millin, Abbie
Milsom, Yasmeen
Milverton, Nerta
Mimmack, Brent
Minet, Roi
Mingauld, Elaine
Minichi, Noah
Minifie, Nicolle
Minshaw, Carlotta
Minthorpe, Aubree
Mintrim, Megen
Mirfin, Easter
Miskin, Derwin
Misselbrook, Mil
Mitchard, Bond
Mitchiner, Trula
Mitchley, Stearn
Mithan, Ruthann
Mitrikhin, Adelaide
Mityashin, Blondell
Mityashin, Daphene
Mochan, Consolata
Moens, Lacy
Mogie, Marcia
Mohammad, Artus
Molines, Lorrie
Mollett, Jemimah
Mollison, Nicholas
Mollitt, Dallon
Monaghan, Lou
Monan, Tobin
Moncrefe, Dedra
Monsey, Alasdair
Moodey, Teddi
Moorerud, Godfrey
Moorman, Batholomew
Mora, Langsdon
Mora, Rowan
Moralas, Hillery
Moraleda, Godart
Morby, Lonee
Mordue, Lonee
Morhall, Kelci
Morin, Shayne
Morphew, Eugen
Morriss, Nicola
Mosby, Riki
Mosdill, Raviv
Mottinelli, Starla
Mottini, Dorice
Moubray, Gina
Mougenel, Augy
Moulden, Serene
Moulder, Cam
Moulson, Marijn
Mounsie, Chelsey
Mount, Haily
Mourgue, Raphaela
Mouser, Amalee
Moxham, Jenni
Muckeen, Barrett
Mucklo, Chic
Mudge, Fanya
Muffen, Barry
Mufford, Ferdie
Mufford, Kellina
Mugg, Arlie
Mugleston, Charlton
Muirden, Mel
Muldoon, Caddric
Muldoon, Clemente
Muldrew, Milt
Mullane, Rhonda
Mullany, Lance
Mulqueen, Etienne
Mulrenan, Reuben
Mulvey, Bret
Mulvihill, Randi
Mummery, Kermit
Munby, Talbert
Muncey, Glad
Mundie, Judon
Mungham, Everett
Munn, Imogen
Munning, Zachariah
Murcott, Flynn
Murden, Libbi
Murdie, Hersch
Murdoch, Veda
Murie, Maxie
Murray, Emmet
Murrell, Hazel
Murrey, Timothea
Muscat, Bonita
Musgrave, Katuscha
Musicka, Lenore
Mussared, Corilla
Mussared, Moria
Mussen, Gwendolin
Mussetti, Carita
Mussettini, Butch
Mycroft, Camille
Nabbs, Gene
Naismith, Junette
Najera, Verene
Nan Carrow, Fredelia
Nana, Shepherd
Nangle, Ellery
Nanni, Eugenius
Napoleone, Thorstein
Nardrup, Babita
Narup, Joey
Nasi, Donn
Nassi, Eberhard
Natte, Ber
Naul, Claudina
Nayshe, Rachel
Nealy, Mahalia
Neame, Edie
Neeve, Filbert
Neicho, Kata
Neiland, Vikky
Nelhams, Ignacius
Neller, Thain
Nelles, Ivonne
Nelson, Rem
Nenci, Lisabeth
Nestoruk, Christel
Nettleship, Stephanie
Nevill, Devinne
Nevitt, Marchall
Newart, Elvina
Newbery, Goldie
Newbigging, Alix
Newborn, Lem
Newburn, Gustavus
Newdick, Celina
Newsome, Kain
Ney, Hans
Nias, Derick
Niblett, Lorilyn
Niccolls, Corrine
Nicholes, Massimo
Nickell, Stafani
Nickerson, Manuel
Nielson, Virginie
Nisard, Aldus
Noble, Catha
Noble, Corbet
Noblett, Roanne
Nockolds, Craggie
Noke, Gerik
Nolan, Marin
Nolleau, Shandra
Noonan, Ellette
Norcliff, Arleen
Norfolk, Coleen
Normabell, Kirby
Norman, Paige
Normanville, Emelyne
Nornasell, Vinny
Norree, Emmott
Norree, Scottie
Norrie, Irwin
Norsworthy, Adelaida
Norsworthy, Gisella
Nortcliffe, Odelia
Northing, Phebe
Northley, Deanne
Noury, Jarrod
Nowick, Nikita
Nozzolii, Thor
Nugent, Ezri
Nutkin, Aurilia
Nutt, Helga
O' Clovan, Constantin
O' Concannon, Gayleen
O' Mara, Katheryn
O' Mulderrig, Muriel
O' Timony, Gilly
Oakeby, Georas
Oatley, Sile
Obee, Julina
Obeney, Dynah
O'Bradane, Edithe
O'Caine, Raymund
Ockendon, Ladonna
Ockwell, Ardenia
O'Clery, Wylie
O'Collopy, Hammad
O'Corhane, Dollie
Odams, Stevana
Odda, Kimberley
O'Dee, Niki
Odell, Fianna
Odgaard, Forester
O'Dowd, Marsh
Offa, Kassandra
O'Gready, Knox
O'Hannay, Karee
O'Hare, Hilario
Ojeda, Kaitlynn
O'Keefe, Constanta
O'Keeffe, Esra
O'Kelly, Jeth
O'Kerin, Kristofor
Okill, Kaiser
O'Kinedy, Keane
Older, Mozelle
Oldershaw, Lacy
Oldknowe, Malcolm
Olesen, Perrine
Olfert, Kare
Olivetta, Morten
Oller, Chauncey
Ollerhead, Nikki
O'Lochan, Jodi
Olphert, Adolphe
O'Luby, Robin
O'Lunny, Juliana
Olver, Frasco
Olwen, Rheta
Olyfant, Abbie
O'Monahan, Mamie
Omond, Caleb
Ondra, Kate
Ondrasek, Gus
O'Neill, Tremaine
Ong, Fanchon
Orae, Annice
Orbell, Cole
Ord, Ber
Ordish, Susanetta
Oret, Judie
Orgel, Pearle
Orgen, Julio
Orgen, Pearl
Orht, Genny
Orpen, Elane
Orr, Drake
Orrett, Pascal
Orriss, Stefano
Orro, Chaunce
Orrobin, Lulita
Orrum, Tiffi
O'Rudden, Lemuel
Osant, Pinchas
Osburn, Meagan
O'Scannill, Lindi
O'Shavlan, Abbe
O'Sheeryne, Constanta
O'Siaghail, Tull
Osinin, Sibel
Osmon, Lorens
Osmond, Llywellyn
Osmund, Robbie
O'Spellissey, Cal
Ossulton, Marv
O'Teague, Rafa
Ottery, Delbert
Oty, Bordie
Ould, Ilka
Ouldcott, Janaya
Outibridge, Cully
Overy, Farley
Ovesen, Bess
Ovesen, Gregorius
Ovitz, Paquito
Owain, Rozelle
Owens, Sonnnie
Owtram, Alphonso
Owttrim, Weston
Oxe, Irvin
Oyley, Walsh
Pach, Libbi
Pachmann, Katrine
Padbury, Judon
Padefield, Aigneis
Padillo, Heath
Padillo, Loria
Pady, Leonard
Pafford, Marleen
Pafford, Nancey
Paggitt, Margalit
Paik, Carlin
Paik, Maible
Pail, Averil
Pairpoint, Freddi
Pakes, Stace
Palser, Bibby
Pamphilon, Stanton
Panchin, North
Pandey, Bartolemo
Paolicchi, Jeremie
Paolino, Freddy
Paolozzi, Katrinka
Papes, Deni
Paradine, Carlyle
Paramore, Melisse
Parcell, Fiorenze
Parchment, Aliza
Parell, Amelie
Parffrey, Gerianne
Paris, Trey
Parkyns, Kali
Parmiter, Gherardo
Parsell, Miltie
Parsonson, Barbra
Parysowna, Rakel
Pascho, Alick
Pashba, Reine
Paskerful, Cordy
Paszak, Lammond
Paszek, Shaylynn
Patinkin, Wrennie
Patley, Alec
Patry, Teriann
Pattle, Alleen
Patullo, Calli
Pauletto, Chelsy
Paulo, Bowie
Paulus, Paulie
Pauly, Ferdy
Pauncefoot, Donny
Pautot, Hedvige
Pavett, Annetta
Pavis, Loise
Pawley, Janetta
Pawlick, Lanna
Paxman, Siegfried
Peacey, Vito
Peal, Ida
Peal, Reiko
Pealing, Danyelle
Peasegood, Brandi
Peasegood, Laney
Peaseman, Almira
Peaurt, Rolf
Pechard, Heidie
Pechell, Blaire
Pedder, Darnell
Pedel, Lazare
Peealess, Leoine
Peele, Charlotta
Pellett, Maddie
Pellington, Ursulina
Pelos, Winthrop
Pelz, Marion
Penberthy, Maje
Pendrey, Aubrey
Pennazzi, Cathryn
Penner, Hali
Penniall, Hurleigh
Pennino, Moe
Pennoni, Natal
Pennycock, Janenna
Penrith, Barry
Penson, Devin
Peplow, Abraham
Peppard, Chelsy
Pepperd, Inger
Perch, Elenore
Percifull, Marlow
Perfitt, Dorie
Perford, Salomone
Permain, Walker
Perot, Juieta
Perren, Anderson
Perritt, Lazaro
Perrot, Loreen
Perrott, Brucie
Perrygo, Sydel
Perschke, Adriana
Perse, Ewell
Pescud, Persis
Petegrew, Javier
Peterkin, Magdalene
Petersen, Reynold
Pether, Whitney
Petigrew, Catharine
Petkov, Bobina
Petr, Julian
Petricek, Dion
Petrolli, Danny
Petrolli, Ingeberg
Petrou, Hendrick
Pettersen, Chlo
Petticrew, Ebba
Pettifor, Bernete
Pettiford, Chris
Pettus, Arney
Petworth, Enos
Peyto, Mohammed
Peyton, Dorothy
Phateplace, Verge
Phaup, Eduard
Pheazey, Kinsley
Phelip, Vin
Phelps, Skye
Philbrook, Ly
Philip, Shayne
Philipeaux, Lynea
Philippet, Kynthia
Philippou, Doyle
Phillcox, Lynnell
Philler, Starla
Philliskirk, Valerye
Philot, Florenza
Phorsby, Jerald
Physick, Weidar
Piatto, Alister
Pickett, Celestia
Pien, Chaunce
Piercey, Courtney
Piercey, Niel
Piercy, Carrissa
Pierrepoint, Chrissie
Pieters, Garrik
Pietesch, Marylee
Pietrusiak, Ancell
Pietrusiak, Trixy
Pietz, Etheline
Pigden, Nicoline
Pigden, Randene
Pigeram, Cati
Pigram, Legra
Pilch, Vinson
Pilcher, Cathy
Piletic, Elka
Pilkinton, Bartholomeus
Pimm, Tilly
Pinkett, Yevette
Pinkie, Jane
Pinkney, Aubrey
Pinks, Claudian
Pinock, Astrix
Piotr, Olenka
Pipe, Kent
Piperley, Dolf
Pitbladdo, Deonne
Pitchford, Derry
Pittle, Celestine
Pizzey, Margarette
Plaunch, Boyce
Playden, Christal
Plewman, Patrice
Plews, Wain
Pley, Ianthe
Plott, Faye
Plover, Elijah
Plumbridge, Peter
Plumridege, Lazare
Poad, Diego
Pococke, Shelli
Poff, Christophe
Pohls, Jefferey
Polden, Cristine
Pollastrino, Jana
Pollicote, Austin
Pollicott, Andrea
Pollicott, Nealson
Polotti, Jorie
Ponde, Yelena
Pont, Regan
Poor, Bernadine
Porker, Sarene
Porte, Hally
Porte, Melonie
Portman, Dewain
Poser, Ricard
Posnett, Enrica
Posten, Simon
Postins, Moore
Posvner, Pascal
Pottiphar, Quinta
Potzold, Dennie
Poundesford, Joseito
Powderham, Darnall
Powderham, Sandie
Powe, Stevana
Powe, Theresa
Power, Fran
Powles, Lucas
Powys, Anet
Poynzer, Bessy
Poyser, Sophronia
Pozer, Patti
Prangley, Lida
Praundl, Ameline
Preddle, Dayle
Preddle, Meryl
Prendeguest, Jacquetta
Presdee, Millicent
Presdie, Cristobal
Presnail, Clemente
Presser, Jay
Pressnell, Jodi
Prestedge, Yetty
Prestidge, Dur
Pretsel, Ines
Prettyjohn, Phedra
Prevett, Delores
Pridmore, Oren
Prime, Gabriel
Pringell, Conrad
Print, Jewell
Pristnor, Flss
Probat, Laney
Proschke, Ruth
Prosh, Philip
Proudlock, Jamima
Pruvost, Talbot
Pucknell, Clive
Pudney, Delaney
Pues, Jocelyn
Pullan, Donelle
Pullar, Nappie
Pulley, Fionnula
Purchall, Desirae
Purvess, Jacquelyn
Purvis, Chiquita
Putman, Nikolaus
Puttnam, Pierson
Pycock, Dalton
Quadrio, Ellerey
Quan, Ruprecht
Quantick, Michelina
Quantrell, Amie
Quantrell, Virgie
Quarterman, Tera
Quenby, Cicely
Quinlan, Rick
Qusklay, Alla
Rabbatts, Sidonnie
Rabier, Heddi
Rabson, Karina
Rack, Bert
Rack, Josiah
Radborne, Cheryl
Radnage, Mariana
Raeburn, Hube
Rafferty, Jerrie
Raftery, Corie
Ragdale, Sybila
Raggles, Lori
Rain, Christian
Rainbird, Clarance
Rainer, Octavius
Rainon, Patric
Rainville, Alexi
Rait, Bobina
Raithby, Corabelle
Rallin, Cristi
Rameau, Brett
Ramel, Burlie
Ramelot, Helyn
Ramplee, Barnard
Ramplee, Caria
Ramsbottom, Christan
Rankcom, Lenard
Rannells, Lane
Ransley, Glenn
Ransom, Ralf
Ranson, Lenee
Raphael, Etta
Rappa, Pru
Rapson, Feodor
Raraty, Adolphus
Rasmus, Cora
Rathe, Brice
Rathmell, Davidde
Raubenheim, Israel
Raun, Carmina
Raunds, Gauthier
Rawle, Reggie
Rawstron, Sloane
Raylton, Lucille
Rayman, Fabio
Raynham, Sylvan
Rayson, Flossi
Ready, Robinson
Reavey, Nadine
Reay, Deeanne
Rebbeck, Marmaduke
Recke, Vonnie
Reddecliffe, Edmon
Reddington, Tally
Reddle, Gabi
Redgrave, Gannon
Reding, Kimmie
Redman, Antonie
Redrup, Byrle
Reeders, Sydelle
Rees, Agace
Reeve, Jourdain
Reford, Rasla
Rehm, Dmitri
Reilingen, Kipper
Reilingen, Rowe
Reilly, Lee
Reiners, Kim
Reinisch, Christi
Reinmar, Casper
Renad, Herc
Renehan, Pamella
Rengger, Ruthy
Renner, Isak
Rennock, Jenifer
Rennox, Janenna
Renol, Janot
Renouf, Alameda
Rens, Grove
Rentalll, Delly
Rentenbeck, Yetta
Rentoll, Glenn
Resdale, Dennet
Resun, Iain
Retallack, Erv
Retter, Hatti
Reuther, Rochella
Revely, Somerset
Revening, Lizzy
Revie, Aleksandr
Revill, Lexine
Rewbottom, Emmey
Rhelton, Doy
Rhodus, Janel
Riall, Wendel
Ribbens, Konstance
Ricard, Dolores
Riccardini, Christian
Riccardo, Willetta
Ricci, Brigitta
Ricciardiello, Kellie
Riche, Dasie
Richemont, Nickolas
Richen, Rachael
Richie, Trula
Richmond, Ashlen
Richmond, Nedi
Rickards, Louise
Riddall, Alfonse
Riddich, Nike
Riddiough, Sanford
Riddoch, Ketty
Ridgedell, Steve
Ridgers, Ashlie
Riediger, Darda
Riggeard, Tabitha
Rikkard, Hakim
Rilings, Kassandra
Rilston, Cory
Rimbault, Tom
Rime, Maegan
Ripon, Lucia
Risdall, Claiborne
Rist, Willard
Rival, Kendall
Rivenzon, Cati
Rizzelli, Cliff
Road, Johanna
Roaf, Auguste
Robak, Fidel
Robardey, Erek
Robbins, Avictor
Robel, Tomi
Robion, Bobbi
Robiou, Olivier
Roblin, Burch
Robun, Boonie
Rocco, Erick
Rocco, Kristel
Roch, Heddi
Rochford, Avigdor
Rockcliffe, Barbe
Rodenhurst, Korney
Roderick, Sollie
Rodge, Garfield
Rodgman, Carter
Rodolfi, Eugenia
Rodrigues, Meggi
Roelofs, Marilee
Rogez, Denver
Rogister, Montague
Roglieri, Allx
Rohloff, Myrtice
Roisen, Tye
Roll, Bettina
Roll, Patton
Roly, Val
Roma, Stella
Romaines, Tanney
Ronaghan, Karrie
Rontree, Martynne
Rookwell, Jere
Roon, Monroe
Rooper, Ody
Rosbottom, Rici
Roscher, Carly
Rose, Ignatius
Rosenberg, Annamarie
Rosenbush, Terry
Rosettini, Zacherie
Rosie, Jasun
Rosling, Cristiano
Rosoman, Charmian
Rossant, Willette
Rosser, Robinetta
Roswarn, Goldarina
Rouf, Ody
Rought, Lorette
Rougier, Terrie
Rous, Sioux
Roussell, Con
Rowesby, Jaynell
Rowlands, Orly
Rowlson, Thea
Royal, Darius
Royston, Edd
Ruane, Ryley
Rubanenko, Tully
Rubee, Jackson
Ruben, Lucio
Rubenov, Doris
Rubert, Skelly
Rubinovitch, Jacquetta
Rubinshtein, Ailyn
Rubinsohn, Andee
Rubinsohn, Lorianna
Ruby, Earvin
Ruby, Maiga
Rucklidge, Thomasine
Ruddoch, Kelsy
Rudge, Em
Rudsdell, Bertine
Ruilton, Floris
Rummings, Glennis
Runchman, Abram
Rundall, Merv
Ruppeli, Noak
Ruppert, Susanetta
Ruse, Yardley
Ruseworth, Rivkah
Rushforth, Byron
Rutherford, Clayson
Rydings, Alisha
Ryhorovich, Adelle
Ryhorovich, Phaidra
Ryles, Tab
Ryott, Chelsey
Ryson, Darline
Sabathier, Bella
Sabbin, Isabel
Sadlier, Spencer
Saffon, Ibbie
Safont, Cordell
Sage, Shermy
Saice, Dorothee
Saich, Henrieta
Saiger, Nancy
Sainteau, Angelika
Sainz, Brook
Saipy, Jaime
Salaman, Sheelah
Salatino, Britt
Sallarie, Letisha
Salle, Quintus
Sallier, Thibaud
Salvadore, Candice
Salvage, Willem
Sambals, Kaitlyn
Samme, Hakeem
Samper, Faber
Sample, Amalee
Samples, Emily
Samworth, Kat
Samwyse, Leta
Sancroft, Valle
Sanday, Nevile
Sanday, Roby
Sandercock, Alfreda
Sandilands, Valentine
Sandle, Giorgio
Sandyfirth, Xavier
Sang, Bibby
Sanpere, Jojo
Sante, Laurence
Santus, Falkner
Sappson, Malina
Sappy, Verne
Sapsforde, Tandie
Sapshed, Lela
Sargant, Franciska
Sargent, Yurik
Sarginson, Shanie
Sarre, Cal
Sarrell, Adam
Sarsfield, Raviv
Sarsons, Phillipp
Sartin, Maddy
Satcher, Skye
Saul, Maxwell
Saunder, Frances
Sausman, Julina
Sautter, Zacherie
Savage, Caralie
Savary, Fran
Sawkins, Rebekkah
Sawl, Hilde
Sawtell, Emmy
Sawter, Justine
Scamerdine, Burr
Scandroot, Jaine
Scaplehorn, Marietta
Scarce, Mirabel
Scardifeild, Darlleen
Scargill, Silvio
Scarrott, Daisy
Scarrott, Scarface
Scawton, Errick
Scay, Munmro
Schermick, Ned
Schiersch, Lucienne
Schindler, Lindon
Schneidar, Erinna
Schneidau, Piper
Schober, Ronny
Scholcroft, Rosemarie
Scholig, Chris
Schorah, Constantina
Schrieves, Melonie
Schriren, Waring
Schuricht, Saw
Schwant, Kelsey
Scoates, Glyn
Scoggin, Freemon
Scogin, Curcio
Scohier, Ashly
Scoles, Amity
Scopham, Tina
Scorton, Verene
Scotchbourouge, Griz
Scotcher, Hilary
Scotchforth, Robbi
Scotchforth, Sidonnie
Scothern, Joan
Scouler, Husain
Scrinage, Cecily
Scriver, Nadiya
Scrogges, Odo
Scruton, Eddie
Scyner, Bernardo
Sea, Keelby
Seabourne, Malia
Seage, Darleen
Seagrove, Dame
Seakin, Nanette
Seals, Ric
Seater, Marjory
Seaton, Derrik
Sebrook, Alyse
Sedcole, Abel
Sedworth, Florina
Seegar, Davey
Seekings, Elwood
Seeney, Dolley
Segge, Delia
Segrott, Hermon
Seif, Alie
Seifert, Butch
Seignior, Axel
Selborne, Dru
Sellers, Sophi
Sellner, Gun
Selwyne, Leonard
Semered, Henry
Semor, Zenia
Semour, Robinet
Semrad, Ryann
Sendley, Phillipe
Senechault, Costa
Senogles, Theo
Serotsky, Humberto
Serraillier, Izaak
Serrell, Leta
Serrurier, Adair
Serrurier, Mohammed
Servis, Alison
Seville, Saundra
Sevitt, Hieronymus
Sexcey, Amalie
Seyfart, Marlena
Shackleton, Hetti
Shadbolt, Kleon
Shafe, Verna
Shakesby, Farleigh
Shakspeare, Damon
Shallcross, Brenna
Shankster, Antonin
Shapera, Niven
Shard, Esme
Sharkey, Krystal
Sharples, Steffi
Sharplin, Ransom
Shaves, Ardene
Shay, Mathian
Shaylor, Cassi
Sheach, Tracy
Shedden, Corbett
Shegog, Jenica
Sheircliffe, Aubree
Shelbourne, Valli
Shellcross, Revkah
Shellum, Mari
Shepstone, Aguie
Sherbrooke, Cristabel
Sherer, Kiersten
Sherlock, Marlane
Sherwen, Issy
Shevelin, Madalyn
Shillabear, Wolfy
Shilling, Kelby
Shillom, Betteanne
Shimon, Gladys
Shine, Kaja
Shipman, Vinny
Shirlaw, Stinky
Shore, Christophorus
Shoreson, Monica
Shortcliffe, Nappy
Shovell, Verney
Shovelton, Lisha
Shower, Zachery
Shrieve, Jaquith
Shrive, Lexy
Shropsheir, Norris
Shurrocks, Guilbert
Shyram, Wayland
Shyres, Gustav
Siaspinski, Jethro
Siaspinski, Xavier
Sibbons, Miltie
Sibbs, Des
Siddle, Kayne
Siegertsz, Carrol
Sigars, Haze
Signe, Dulcea
Signore, Velma
Signorelli, Gwendolin
Signorelli, Lenna
Signori, Denise
Silby, Elvyn
Silcox, Claiborn
Siley, Maud
Silverston, Andonis
Simcoe, Lacy
Simeone, Phillipe
Simeone, Sarajane
Simionato, Cher
Simionescu, Starla
Simla, Hildagarde
Simmance, Donnie
Simmers, Garek
Simmig, Evelin
Simmings, Pammy
Simmins, Valencia
Simmonite, Meredith
Simonel, Dara
Simonelli, Vanny
Simonini, Jeniffer
Sinyard, Lorrie
Sirman, Casar
Sisland, Jessamine
Siviour, Sarine
Sixsmith, Marena
Skaid, Heddie
Skaife, Aldwin
Skaife, Inna
Skakunas, Benoite
Skally, Lorens
Skate, Dorothea
Skehens, Gasper
Skewis, Denni
Skiggs, Colette
Skilbeck, Matthaeus
Skirlin, Wilmette
Skirvin, Vania
Skittle, Glenden
Skivington, Dania
Skoggins, Imogene
Skough, Hymie
Skryne, Merv
Skuse, Rivkah
Skynner, Lanna
Skyram, Beitris
Sleigh, Randy
Sleight, Farra
Sleight, Skye
Slimings, Candace
Slimings, Fifi
Slixby, Harry
Slobom, Maynard
Slocumb, Tamarah
Slogrove, Rosemary
Slowan, Boony
Slowey, Anna-diane
Slyme, Corty
Smardon, Miguel
Smeall, Peri
Smeeton, Georgia
Smellie, Concettina
Smidmore, Estel
Smillie, Hilary
Smithin, Reade
Smouten, Rita
Smylie, Ellswerth
Snaddin, Craig
Snaddon, Chic
Snaddon, Giacobo
Snare, Evey
Snashall, Lorin
Snazle, Melina
Sneesbie, Estevan
Sneezum, Pollyanna
Snow, Adan
Snozzwell, Alastair
Sodeau, Clerc
Soigoux, Isaiah
Sola, Romonda
Sole, Charmaine
Sole, Otes
Soles, Baxy
Solway, Karolina
Sommerlin, Moreen
Sondon, Kirby
Soppitt, Ingaberg
Sorbie, Ignacius
Sorel, Kelila
Sorey, Cybill
Sorley, Patricia
Sothcott, Bertina
Souley, Nadiya
Sousa, Jacquette
Southan, Kellyann
Southon, Brucie
Southwick, Addia
Spacie, Hunfredo
Spanton, Dulciana
Sparks, Anne-corinne
Spataro, Falito
Spatig, Taffy
Spavins, Anett
Spedding, Alla
Spellard, Iona
Spellesy, Tracee
Spellward, Sanderson
Spenceley, Augusto
Spenceley, Lotti
Sperring, Kimmie
Spillett, Johann
Spincke, Coralie
Spink, Erny
Spinks, Rustin
Spinola, Oona
Spire, Rory
Spire, Sonny
Spires, Thorsten
Spiteri, Dennis
Splaven, Skip
Spottswood, Ninon
Sprague, Griselda
Sprake, Bat
Spridgen, Veradis
Spriggin, Riobard
Spriggs, Ellen
Springate, Agretha
Sprowson, Carleton
Spurdens, Stefano
Spurier, Annadiana
Spurnier, Archaimbaud
Squibbs, Adriena
Squibe, Austina
St. Louis, Loralyn
Stables, Lock
Stachini, Caron
Staig, Burtie
Stainton - Skinn, Tanney
Stairs, Margalit
Stallwood, Lexie
Stallybrass, Hayes
Stanborough, Pen
Standall, Cosette
Standley, Petra
Standley, Zachery
Standon, Vaughn
Staniforth, Frederico
Stanlick, Bobbie
Stannah, Cordy
Stannard, Erhard
Stanning, Valera
Stapleton, Jandy
Starford, Ambrosio
Starford, Sandro
Starsmeare, Cleveland
Stealey, Elmira
Stealy, Whitney
Stebbin, Elie
Stebbings, Joell
Stebbings, Vladimir
Stedell, Geoffry
Stedman, Fairfax
Stedman, Trent
Steggles, Victor
Stein, Sheelah
Steinhammer, Bartel
Stellman, Hesther
Stern, Taddeo
Sterrie, Ruthanne
Stert, Reba
Stickler, Velma
Stiddard, Lucinda
Stienton, Gerianna
Stiles, Joellyn
Stillert, Chelsea
Stillman, Carey
Stimpson, Jabez
Stirgess, Cristian
Stirrip, Pearce
Stit, Huntington
Stitson, Finlay
Stittle, Elbertine
Stoacley, Lorettalorna
Stobart, Larine
Stockford, Lauritz
Stockings, Rodge
Stockle, Beitris
Stollberg, Alberta
Stoller, Colby
Stollsteimer, Loni
Stolze, Kirby
Stonhard, Valle
Stonner, Tom
Stopp, Rhys
Storer, Cammy
Stoter, Briano
Stothert, Pierce
Stott, Creight
Stower, Veronique
Stradling, Joshua
Strangman, Flemming
Strangwood, Dallas
Strass, Cathrin
Strathdee, Byron
Strathdee, Taryn
Strattan, Danice
Strauss, Lucita
Straw, Zachariah
Strick, Nollie
Stringfellow, Nowell
Strognell, Guillaume
Strongitharm, Dare
Strongitharm, Hedwiga
Strother, Pepi
Stubbert, Catie
Stubbings, Audre
Stuchberry, Dosi
Stucke, Hadrian
Studde, Bernie
Studders, Conny
Studders, Yvor
Stuehmeyer, Berthe
Sturley, Padgett
Sturney, Terrance
Sturrock, Trixy
Stute, Jacinda
Styant, Phip
Styche, Siusan
Suckling, Maddy
Suffe, Rubetta
Suggitt, Hillyer
Sulley, Tonye
Sultan, Adda
Summerlad, Thibaud
Summerlee, Tibold
Summerly, Kermy
Sunman, George
Sunter, Isac
Surcombe, Stuart
Sussams, Sheilakathryn
Sussems, Giacobo
Sustins, Cherri
Sute, Madelin
Swaden, Gasper
Swaffield, Kathy
Swales, Brit
Swalwell, Chaddy
Swanton, Danice
Swatheridge, Powell
Sweetenham, Keelia
Sweeting, Daveen
Swiffin, Maxy
Swine, Corrie
Swinfen, Arlee
Swinn, Bill
Swinney, Nevins
Swires, Mozes
Switzer, Noell
Swyndley, Lynna
Swyne, Alie
Swyre, Kylie
Sylett, Rolf
Symmons, Madlin
Synnot, Mireille
Syphus, Ewart
Syphus, Peder
Sywell, Kania
Szach, Denise
Szreter, Humberto
Szubert, Giavani
Taborre, Gennifer
Tack, Otis
Tacker, Kimbell
Tadman, Bald
Tadman, Daisy
Taffarello, Clarissa
Taft, Bellina
Taggart, Tova
Tailby, Birdie
Taks, Willamina
Talkington, Leanor
Tallquist, Donn
Tamblingson, Worden
Tammadge, Parry
Tanby, Wilek
Tanner, Gilligan
Tape, Cindie
Taphouse, Jervis
Tapsfield, Reggie
Tarbett, Isidro
Tarbin, Darbie
Tarr, Dannye
Tassel, Jackie
Tassell, Sharline
Tate, Lilla
Tatlow, Carling
Tattam, Michelle
Tavener, Abra
Tavener, Orville
Taynton, Tomasine
Teacy, Deny
Teare, Lorianna
Teaser, Terri-jo
Teaze, Orella
Tebb, Lurleen
Tebbs, Margaux
Tee, Mandy
Tee, Padriac
Tefft, Trueman
Temporal, Silvana
Tenaunt, Mora
Tennock, Karmen
Terbrug, Benedicta
Terbrug, Tabby
Terram, Kirbie
Terrington, Jori
Tester, Ebenezer
Tewkesbury, Jackie
Thacke, Lance
Thalmann, Yvon
Theis, Evangeline
Thiolier, Fitz
Thireau, Garald
Thirtle, Bonnie
Thomason, Yalonda
Thornthwaite, Priscilla
Thrift, Blair
Thunder, Alberta
Thunnercliffe, Dennison
Thurbon, Dante
Thurborn, Harli
Thurlby, Johnathan
Thurston, Jarrod
Tibald, Antone
Tibbetts, Brandy
Tidder, Kesley
Tieraney, Dalila
Tiery, Giraud
Tiffney, Cobbie
Tilbury, Valaree
Tilby, Jennie
Tiler, Georges
Tilling, Linette
Tilling, Morissa
Tillot, Claudelle
Tilt, Martainn
Timby, Bobbee
Timmons, Robinetta
Timothy, Isaiah
Tincknell, Aubrey
Tingcomb, Natalina
Tingey, Annabel
Tingly, Melodee
Tinton, Hal
Tipling, Corene
Tipling, Veriee
Tipperton, Maximo
Tisor, Milka
Tivolier, Putnam
Tocque, Ferdie
Tofanini, Hazel
Toffel, Opal
Tofpik, Billy
Tofts, Erastus
Tofts, Peri
Togher, Elston
Tointon, Gregorius
Tolcharde, Guenevere
Tolland, Alon
Tolle, Lazare
Tolomio, Kayla
Tolputt, Thomasin
Tolussi, Kirby
Tolworthy, Hugues
Tomasi, Tessie
Tomasutti, Nefen
Tombling, Waite
Tomczykiewicz, Darryl
Tome, Latashia
Tomicki, Roseline
Tommeo, Dannie
Tompsett, Armstrong
Tonnesen, Clementius
Tonry, Ahmed
Toop, Hannis
Top, Rebeca
Toping, Artur
Toplin, Daile
Toplin, Sherye
Topliss, Lenka
Torbett, Dana
Torel, Rollin
Torfin, Sharlene
Torn, Flore
Torre, Homere
Torricina, Stirling
Tosney, Gannie
Toten, Claybourne
Totterdell, Georg
Toulmin, Maynard
Tourot, Gae
Tousy, Brigitta
Tousy, Corny
Toynbee, Ivie
Trahmel, Ange
Tranfield, Ada
Trank, Niven
Trask, Aluin
Trattles, Aigneis
Traves, Kellby
Traviss, Angel
Trawin, Eulalie
Trawin, Wendy
Trayes, Robers
Trays, Kirsten
Treadwell, Tabby
Treanor, Evelin
Trebilcock, Shelby
Tredgold, Jesse
Tree, Gwenette
Tregian, Charlton
Tremayle, Dominique
Tremollet, Jeanette
Tremouille, Sherwynd
Trenouth, Joey
Treppas, Dexter
Tretwell, Elizabeth
Trevillion, Amalia
Trevillion, Brewer
Trevithick, Earvin
Trevithick, Willie
Trime, Bettine
Trimme, Mae
Tripony, Chaddie
Tritten, Percy
Trotton, Brooke
Troubridge, Olivie
Troucher, Philly
Trower, Hilliard
Trowle, Lionello
Trowler, Jae
Trulock, Jehanna
Truman, Jolyn
Trussman, Yorker
Trustrie, Arie
Truswell, Dana
Tryhorn, Barr
Tryme, Eadith
Tschursch, Agnesse
Tucknott, Joannes
Tucknutt, Westbrook
Tudball, Joela
Tuff, Waverly
Tuffey, Birdie
Tuffrey, Tyrone
Tufts, Issiah
Tuley, Allin
Tummasutti, Teri
Tungay, Oralle
Tunstall, Henrik
Tuohy, Loralie
Tuplin, Julius
Tupman, Emelita
Tupper, Agna
Tupper, Giana
Turbill, Shay
Turland, Waylen
Turle, Gerry
Turmall, Alano
Turmall, Cyb
Turnor, Yettie
Turpin, Carl
Turpin, Kylen
Tuxell, Den
Tweddell, Dugald
Tweedell, Dukey
Tweedle, Babara
Twidell, Rouvin
Twidle, Dianna
Twine, Duky
Twomey, Issiah
Twoohy, Traci
Tynewell, Shurlocke
Tyre, Reginald
Tyrrell, Brett
Tyt, Lucila
Tythacott, Silvia
Tytherton, Frants
Udale, Ody
Udell, Zeke
Ugo, Josias
Ullrich, Chaddy
Ullyott, Chrissy
Undrell, Patty
Upham, Sigmund
Urey, Urban
Urquhart, Hadleigh
Urridge, Meyer
Urridge, Willette
Utterson, Nissy
Utting, Thoma
Uttley, Filia
Uvedale, Berkley
Uvedale, Wendy
Uwins, Anne
Vader, Amalee
Vail, Feliks
Vaillant, Mindy
Vakhrushin, Aggy
Valde, Brett
Valdes, Gayel
Valek, Fabio
Vallantine, Fergus
Vallens, Avictor
Vallery, Halsey
Vamplew, Renate
Van den Bosch, Karita
Van Dijk, Benn
Van Driel, Gael
Van Eeden, Frederick
Van Saltsberg, Brett
Van Zon, Axel
Vandenhoff, Niki
Vanderplas, Adamo
Vandrill, Charley
Vaney, Rozanne
Vanezis, Berkley
Vanichev, Gaylene
Vanichev, Marjory
Vanlint, Valentine
Vanner, Michaelina
Vannuccinii, Gawain
Vannuchi, Garrott
Van't Hoff, Germayne
Vanyakin, Chrissy
Varlow, Broddy
Varnals, Miguelita
Varvara, Samuel
Vasenkov, Cullen
Vasey, Raphaela
Vasilchikov, Gregoire
Vasilevich, Gillian
Vasilov, Jaquith
Vaskin, Florenza
Vasyukov, Dora
Vasyunkin, Evaleen
Vatcher, Asher
Vaughan, Taber
Vaughn, Clarey
Vautier, Lucius
Vayro, Moe
Vedenyakin, Monti
Vedeshkin, Kally
Vedntyev, Jessy
Vedyaev, Shir
Veevers, Standford
Vellacott, Philippine
Vellden, Nerissa
Vellender, Kyrstin
Veltmann, Erminia
Venables, Jayme
Vennard, Farr
Ventris, Cherish
Ventris, Kit
Verbeke, Roda
Verbrugge, Kristin
Verden, Richie
Vesque, Merle
Vian, Jolene
Viant, Iain
Vicioso, Dane
Vickar, Lucia
Vido, Buiron
Viggers, Shea
Vila, Rad
Villaron, Charleen
Vise, Kylie
Vitet, Cornie
Vittet, Della
Vittle, Torrie
Voas, Blondell
Vobes, Opal
Vockins, Kamillah
Vokins, Saunder
Volonte, Dorthy
Voules, Gerhardt
Vowell, Binny
Vyel, Charin
Wackett, Zebedee
Waddilow, Florian
Waddington, Heriberto
Waddington, Rodney
Wadsworth, Shoshana
Wagenen, Aveline
Waine, Donnie
Wainer, Rolf
Wais, Ariela
Wakelam, Nil
Wakeling, Issy
Walding, Sigfried
Walenta, Denney
Wales, Neille
Wallbank, Delinda
Wallice, Laurice
Wallice, Nels
Wallwood, Ivar
Walrond, Martina
Walrond, Wilton
Walsom, Shalne
Waltho, Stephan
Wandless, Rollins
Wandrey, Annice
Wanka, Yorgo
Wanless, Arnuad
Wannan, Roderich
Wannan, Sherman
Wannell, Octavius
Wannes, Ellissa
Wanstall, Jorge
Wardel, Rhianon
Warden, Dru
Warin, Boony
Warlton, Kathleen
Warr, Burr
Warratt, Wells
Warrell, Alon
Wash, Kimmi
Washington, Humbert
Wassell, Lezley
Waterhous, Kelbee
Waterworth, Tatum
Watford, Inge
Watmough, Linzy
Watters, Hirsch
Waulker, Bethina
Waulker, Dahlia
Wavish, Trudey
Weakley, Kori
Weal, Grete
Weal, Halli
Wealthall, Bride
Wearing, Glenine
Weatherburn, Travis
Weatherhogg, Saree
Weathers, Bart
Wederell, Jake
Wedmore., Anabelle
Weekley, Max
Weekley, Tonnie
Wegener, Kane
Wegner, Anatol
Wehner, Evangelin
Weight, Hall
Wemm, Tabbatha
Wenman, Colman
Werndly, Leontyne
Westmacott, Evelin
Westmancoat, Queenie
Westpfel, Lani
Wetherhead, Pavel
Wethey, Nanci
Whanstall, Estell
Wharby, Barton
Whatling, Sile
Wheble, Ramsay
Wheelan, Marleen
Whelband, Anna-diana
Whenman, Darnell
Whettleton, Antonino
Whetton, Bill
Whiffen, Quinn
Whilde, Reta
Whitbread, Khalil
Whitby, Rosy
Whiteley, Hildagard
Whitely, Tomaso
Whiteman, Vincenty
Whiteway, Jodee
Whithalgh, Celestyn
Whitington, Edi
Whitington, Jacquelin
Whittek, Arnoldo
Whitter, Reggi
Whittington, Geri
Whooley, Serena
Whyffen, Rania
Wiburn, Clemente
Wickendon, Sharleen
Wickliffe, Chantalle
Wickmann, Irvin
Wieprecht, Abigael
Wigan, Cary
Wigfall, Blanca
Wiggin, Juline
Wike, Wendi
Wilber, Amelia
Wilcocke, Kirsten
Wildman, Sidonia
Wildman, Solly
Wildsmith, Cornie
Wilkins, Maxie
Willden, Oralia
Williamson, Andriana
Williamson, Mannie
Williment, Electra
Willimott, Leicester
Willman, Thadeus
Willoughley, Xylia
Wills, Maurice
Willshee, Gilburt
Wilmut, Amabelle
Wilstead, Caitlin
Wilton, Rona
Wiltshear, Ula
Wimbush, Caresa
Wims, Cyndie
Windley, Cornie
Winham, Rania
Winkless, Deedee
Winkworth, Iona
Winridge, Manfred
Winsbury, Annecorinne
Winsiowiecki, Jerry
Winson, Hollie
Wipfler, Val
Wishart, Corbett
Wishkar, Wally
Witherspoon, Asa
Withey, Bobbie
Wittleton, Leanna
Witts, Gipsy
Wixey, Timotheus
Woakes, Filip
Wolfarth, Lorettalorna
Wolfit, Luther
Wolford, Jillian
Wollen, Iolanthe
Woloschin, Judas
Wolverson, Rustin
Woodard, Zita
Woodhams, Alano
Woodroffe, Karlee
Woolard, Trace
Woolfitt, Taylor
Woolforde, Artair
Woolhouse, Verena
Woolis, Blinny
Woollard, Hewie
Woollhead, Che
Woolstenholmes, Elane
Worg, Anna
Worgen, Sergeant
Worman, Pavia
Worner, Binni
Worsfield, Dorey
Worsfold, Miltie
Worsom, Rebecca
Wrightham, Broderic
Wrinch, Nanci
Wroath, Tani
Wrought, Miquela
Wyburn, Patten
Wyburn, Valeda
Wyeth, Magdaia
Yakuntsov, Liesa
Yakuntsov, Wendie
Yanyushkin, Brian
Yarnell, Gordy
Yarwood, Marlyn
Yates, Kari
Yatman, Frederik
Yaxley, Nonnah
Yearns, Milissent
Yeates, Gertrudis
Yeatman, Noell
Yedall, Tate
Yedy, Dannel
Yeeles, Natalie
Yelden, Chloette
Yelland, Eba
Yelland, Livvy
Yellowley, Trumaine
Yeomans, Ibrahim
Yeomans, Khalil
Yerrall, Lanie
Yerrington, Claus
Yerrington, Hallie
Yersin, Hal
Yesenin, Hubey
Yexley, Grete
Yitzhak, Inesita
Yourell, Idelle
Yukhtin, Madelene
Yurkevich, Jefferey
Yurukhin, Meredith
Yushkov, Avictor
Yven, Olivia
Zambon, Lulita
Zamora, Lester
Zanetto, Carlita
Zanioletti, Jerad
Zaniolo, Grata
Zapater, Theadora
Zelley, Morgan
Zellner, John
Ziehm, Merl
Zimmermanns, Star
Zoanetti, Elisha
Zolini, Marigold